generate-and-upload	Set up job	﻿2026-01-28T08:10:43.6412962Z Current runner version: '2.331.0'
generate-and-upload	Set up job	2026-01-28T08:10:43.6453563Z ##[group]Runner Image Provisioner
generate-and-upload	Set up job	2026-01-28T08:10:43.6455097Z Hosted Compute Agent
generate-and-upload	Set up job	2026-01-28T08:10:43.6456108Z Version: 20260115.477
generate-and-upload	Set up job	2026-01-28T08:10:43.6457183Z Commit: 4b342d620503cbe250a3154040964899ea7c9b00
generate-and-upload	Set up job	2026-01-28T08:10:43.6458866Z Build Date: 2026-01-15T22:32:41Z
generate-and-upload	Set up job	2026-01-28T08:10:43.6460138Z Worker ID: {8106f1a5-9572-434e-9159-f7cd14f24bf1}
generate-and-upload	Set up job	2026-01-28T08:10:43.6461296Z Azure Region: northcentralus
generate-and-upload	Set up job	2026-01-28T08:10:43.6462403Z ##[endgroup]
generate-and-upload	Set up job	2026-01-28T08:10:43.6464934Z ##[group]Operating System
generate-and-upload	Set up job	2026-01-28T08:10:43.6466023Z Ubuntu
generate-and-upload	Set up job	2026-01-28T08:10:43.6466892Z 24.04.3
generate-and-upload	Set up job	2026-01-28T08:10:43.6467658Z LTS
generate-and-upload	Set up job	2026-01-28T08:10:43.6468844Z ##[endgroup]
generate-and-upload	Set up job	2026-01-28T08:10:43.6469815Z ##[group]Runner Image
generate-and-upload	Set up job	2026-01-28T08:10:43.6470830Z Image: ubuntu-24.04
generate-and-upload	Set up job	2026-01-28T08:10:43.6472029Z Version: 20260119.4.1
generate-and-upload	Set up job	2026-01-28T08:10:43.6473939Z Included Software: https://github.com/actions/runner-images/blob/ubuntu24/20260119.4/images/ubuntu/Ubuntu2404-Readme.md
generate-and-upload	Set up job	2026-01-28T08:10:43.6477059Z Image Release: https://github.com/actions/runner-images/releases/tag/ubuntu24%2F20260119.4
generate-and-upload	Set up job	2026-01-28T08:10:43.6479022Z ##[endgroup]
generate-and-upload	Set up job	2026-01-28T08:10:43.6481287Z ##[group]GITHUB_TOKEN Permissions
generate-and-upload	Set up job	2026-01-28T08:10:43.6484243Z Contents: read
generate-and-upload	Set up job	2026-01-28T08:10:43.6485491Z Metadata: read
generate-and-upload	Set up job	2026-01-28T08:10:43.6486437Z Packages: read
generate-and-upload	Set up job	2026-01-28T08:10:43.6487402Z ##[endgroup]
generate-and-upload	Set up job	2026-01-28T08:10:43.6490963Z Secret source: Actions
generate-and-upload	Set up job	2026-01-28T08:10:43.6492596Z Prepare workflow directory
generate-and-upload	Set up job	2026-01-28T08:10:43.7424869Z Prepare all required actions
generate-and-upload	Set up job	2026-01-28T08:10:43.7544142Z Getting action download info
generate-and-upload	Set up job	2026-01-28T08:10:44.1440942Z Download action repository 'actions/checkout@v3' (SHA:f43a0e5ff2bd294095638e18286ca9a3d1956744)
generate-and-upload	Set up job	2026-01-28T08:10:44.4969443Z Download action repository 'actions/setup-python@v4' (SHA:7f4fc3e22c37d6ff65e88745f38bd3157c663f7c)
generate-and-upload	Set up job	2026-01-28T08:10:44.7809269Z Complete job name: generate-and-upload
generate-and-upload	Checkout Code	﻿2026-01-28T08:10:44.8526155Z ##[group]Run actions/checkout@v3
generate-and-upload	Checkout Code	2026-01-28T08:10:44.8527225Z with:
generate-and-upload	Checkout Code	2026-01-28T08:10:44.8527851Z   repository: StrongPartners/stream-global-factory
generate-and-upload	Checkout Code	2026-01-28T08:10:44.8528993Z   token: ***
generate-and-upload	Checkout Code	2026-01-28T08:10:44.8529521Z   ssh-strict: true
generate-and-upload	Checkout Code	2026-01-28T08:10:44.8530057Z   persist-credentials: true
generate-and-upload	Checkout Code	2026-01-28T08:10:44.8530636Z   clean: true
generate-and-upload	Checkout Code	2026-01-28T08:10:44.8531164Z   sparse-checkout-cone-mode: true
generate-and-upload	Checkout Code	2026-01-28T08:10:44.8531789Z   fetch-depth: 1
generate-and-upload	Checkout Code	2026-01-28T08:10:44.8532301Z   fetch-tags: false
generate-and-upload	Checkout Code	2026-01-28T08:10:44.8532815Z   lfs: false
generate-and-upload	Checkout Code	2026-01-28T08:10:44.8533307Z   submodules: false
generate-and-upload	Checkout Code	2026-01-28T08:10:44.8533852Z   set-safe-directory: true
generate-and-upload	Checkout Code	2026-01-28T08:10:44.8534712Z ##[endgroup]
generate-and-upload	Checkout Code	2026-01-28T08:10:44.9485690Z Syncing repository: StrongPartners/stream-global-factory
generate-and-upload	Checkout Code	2026-01-28T08:10:44.9487819Z ##[group]Getting Git version info
generate-and-upload	Checkout Code	2026-01-28T08:10:44.9489149Z Working directory is '/home/runner/work/stream-global-factory/stream-global-factory'
generate-and-upload	Checkout Code	2026-01-28T08:10:44.9490512Z [command]/usr/bin/git version
generate-and-upload	Checkout Code	2026-01-28T08:10:45.0370362Z git version 2.52.0
generate-and-upload	Checkout Code	2026-01-28T08:10:45.0401603Z ##[endgroup]
generate-and-upload	Checkout Code	2026-01-28T08:10:45.0420044Z Temporarily overriding HOME='/home/runner/work/_temp/f02b3181-db3f-4cf6-9984-1ae273c09927' before making global git config changes
generate-and-upload	Checkout Code	2026-01-28T08:10:45.0424206Z Adding repository directory to the temporary git global config as a safe directory
generate-and-upload	Checkout Code	2026-01-28T08:10:45.0428044Z [command]/usr/bin/git config --global --add safe.directory /home/runner/work/stream-global-factory/stream-global-factory
generate-and-upload	Checkout Code	2026-01-28T08:10:45.0502665Z Deleting the contents of '/home/runner/work/stream-global-factory/stream-global-factory'
generate-and-upload	Checkout Code	2026-01-28T08:10:45.0509534Z ##[group]Initializing the repository
generate-and-upload	Checkout Code	2026-01-28T08:10:45.0513732Z [command]/usr/bin/git init /home/runner/work/stream-global-factory/stream-global-factory
generate-and-upload	Checkout Code	2026-01-28T08:10:45.1033861Z hint: Using 'master' as the name for the initial branch. This default branch name
generate-and-upload	Checkout Code	2026-01-28T08:10:45.1035466Z hint: will change to "main" in Git 3.0. To configure the initial branch name
generate-and-upload	Checkout Code	2026-01-28T08:10:45.1036710Z hint: to use in all of your new repositories, which will suppress this warning,
generate-and-upload	Checkout Code	2026-01-28T08:10:45.1037939Z hint: call:
generate-and-upload	Checkout Code	2026-01-28T08:10:45.1038855Z hint:
generate-and-upload	Checkout Code	2026-01-28T08:10:45.1039607Z hint: 	git config --global init.defaultBranch <name>
generate-and-upload	Checkout Code	2026-01-28T08:10:45.1040331Z hint:
generate-and-upload	Checkout Code	2026-01-28T08:10:45.1041011Z hint: Names commonly chosen instead of 'master' are 'main', 'trunk' and
generate-and-upload	Checkout Code	2026-01-28T08:10:45.1042113Z hint: 'development'. The just-created branch can be renamed via this command:
generate-and-upload	Checkout Code	2026-01-28T08:10:45.1042951Z hint:
generate-and-upload	Checkout Code	2026-01-28T08:10:45.1043456Z hint: 	git branch -m <name>
generate-and-upload	Checkout Code	2026-01-28T08:10:45.1044036Z hint:
generate-and-upload	Checkout Code	2026-01-28T08:10:45.1044759Z hint: Disable this message with "git config set advice.defaultBranchName false"
generate-and-upload	Checkout Code	2026-01-28T08:10:45.1121202Z Initialized empty Git repository in /home/runner/work/stream-global-factory/stream-global-factory/.git/
generate-and-upload	Checkout Code	2026-01-28T08:10:45.1133310Z [command]/usr/bin/git remote add origin https://github.com/StrongPartners/stream-global-factory
generate-and-upload	Checkout Code	2026-01-28T08:10:45.1249210Z ##[endgroup]
generate-and-upload	Checkout Code	2026-01-28T08:10:45.1251040Z ##[group]Disabling automatic garbage collection
generate-and-upload	Checkout Code	2026-01-28T08:10:45.1253921Z [command]/usr/bin/git config --local gc.auto 0
generate-and-upload	Checkout Code	2026-01-28T08:10:45.1286602Z ##[endgroup]
generate-and-upload	Checkout Code	2026-01-28T08:10:45.1290153Z ##[group]Setting up auth
generate-and-upload	Checkout Code	2026-01-28T08:10:45.1291659Z [command]/usr/bin/git config --local --name-only --get-regexp core\.sshCommand
generate-and-upload	Checkout Code	2026-01-28T08:10:45.1322703Z [command]/usr/bin/git submodule foreach --recursive sh -c "git config --local --name-only --get-regexp 'core\.sshCommand' && git config --local --unset-all 'core.sshCommand' || :"
generate-and-upload	Checkout Code	2026-01-28T08:10:45.2808263Z [command]/usr/bin/git config --local --name-only --get-regexp http\.https\:\/\/github\.com\/\.extraheader
generate-and-upload	Checkout Code	2026-01-28T08:10:45.2812962Z [command]/usr/bin/git submodule foreach --recursive sh -c "git config --local --name-only --get-regexp 'http\.https\:\/\/github\.com\/\.extraheader' && git config --local --unset-all 'http.https://github.com/.extraheader' || :"
generate-and-upload	Checkout Code	2026-01-28T08:10:45.3044888Z [command]/usr/bin/git config --local http.https://github.com/.extraheader AUTHORIZATION: basic ***
generate-and-upload	Checkout Code	2026-01-28T08:10:45.3083739Z ##[endgroup]
generate-and-upload	Checkout Code	2026-01-28T08:10:45.3086918Z ##[group]Fetching the repository
generate-and-upload	Checkout Code	2026-01-28T08:10:45.3094421Z [command]/usr/bin/git -c protocol.version=2 fetch --no-tags --prune --progress --no-recurse-submodules --depth=1 origin +e2bfeca42df44948e6725d3d3b8e27ef106bc592:refs/remotes/origin/main
generate-and-upload	Checkout Code	2026-01-28T08:10:45.5883240Z remote: Enumerating objects: 44, done.        
generate-and-upload	Checkout Code	2026-01-28T08:10:45.5885372Z remote: Counting objects:   2% (1/44)        
generate-and-upload	Checkout Code	2026-01-28T08:10:45.5887258Z remote: Counting objects:   4% (2/44)        
generate-and-upload	Checkout Code	2026-01-28T08:10:45.5889420Z remote: Counting objects:   6% (3/44)        
generate-and-upload	Checkout Code	2026-01-28T08:10:45.5891045Z remote: Counting objects:   9% (4/44)        
generate-and-upload	Checkout Code	2026-01-28T08:10:45.5892430Z remote: Counting objects:  11% (5/44)        
generate-and-upload	Checkout Code	2026-01-28T08:10:45.5894206Z remote: Counting objects:  13% (6/44)        
generate-and-upload	Checkout Code	2026-01-28T08:10:45.5895235Z remote: Counting objects:  15% (7/44)        
generate-and-upload	Checkout Code	2026-01-28T08:10:45.5896194Z remote: Counting objects:  18% (8/44)        
generate-and-upload	Checkout Code	2026-01-28T08:10:45.5897190Z remote: Counting objects:  20% (9/44)        
generate-and-upload	Checkout Code	2026-01-28T08:10:45.5898213Z remote: Counting objects:  22% (10/44)        
generate-and-upload	Checkout Code	2026-01-28T08:10:45.5899672Z remote: Counting objects:  25% (11/44)        
generate-and-upload	Checkout Code	2026-01-28T08:10:45.5900805Z remote: Counting objects:  27% (12/44)        
generate-and-upload	Checkout Code	2026-01-28T08:10:45.5901914Z remote: Counting objects:  29% (13/44)        
generate-and-upload	Checkout Code	2026-01-28T08:10:45.5903126Z remote: Counting objects:  31% (14/44)        
generate-and-upload	Checkout Code	2026-01-28T08:10:45.5904318Z remote: Counting objects:  34% (15/44)        
generate-and-upload	Checkout Code	2026-01-28T08:10:45.5905464Z remote: Counting objects:  36% (16/44)        
generate-and-upload	Checkout Code	2026-01-28T08:10:45.5906647Z remote: Counting objects:  38% (17/44)        
generate-and-upload	Checkout Code	2026-01-28T08:10:45.5907821Z remote: Counting objects:  40% (18/44)        
generate-and-upload	Checkout Code	2026-01-28T08:10:45.5909308Z remote: Counting objects:  43% (19/44)        
generate-and-upload	Checkout Code	2026-01-28T08:10:45.5910482Z remote: Counting objects:  45% (20/44)        
generate-and-upload	Checkout Code	2026-01-28T08:10:45.5911769Z remote: Counting objects:  47% (21/44)        
generate-and-upload	Checkout Code	2026-01-28T08:10:45.5913272Z remote: Counting objects:  50% (22/44)        
generate-and-upload	Checkout Code	2026-01-28T08:10:45.5915087Z remote: Counting objects:  52% (23/44)        
generate-and-upload	Checkout Code	2026-01-28T08:10:45.5916570Z remote: Counting objects:  54% (24/44)        
generate-and-upload	Checkout Code	2026-01-28T08:10:45.5918170Z remote: Counting objects:  56% (25/44)        
generate-and-upload	Checkout Code	2026-01-28T08:10:45.5920010Z remote: Counting objects:  59% (26/44)        
generate-and-upload	Checkout Code	2026-01-28T08:10:45.5921568Z remote: Counting objects:  61% (27/44)        
generate-and-upload	Checkout Code	2026-01-28T08:10:45.5923232Z remote: Counting objects:  63% (28/44)        
generate-and-upload	Checkout Code	2026-01-28T08:10:45.5924827Z remote: Counting objects:  65% (29/44)        
generate-and-upload	Checkout Code	2026-01-28T08:10:45.5926769Z remote: Counting objects:  68% (30/44)        
generate-and-upload	Checkout Code	2026-01-28T08:10:45.5928327Z remote: Counting objects:  70% (31/44)        
generate-and-upload	Checkout Code	2026-01-28T08:10:45.5930091Z remote: Counting objects:  72% (32/44)        
generate-and-upload	Checkout Code	2026-01-28T08:10:45.5931743Z remote: Counting objects:  75% (33/44)        
generate-and-upload	Checkout Code	2026-01-28T08:10:45.5933299Z remote: Counting objects:  77% (34/44)        
generate-and-upload	Checkout Code	2026-01-28T08:10:45.5934872Z remote: Counting objects:  79% (35/44)        
generate-and-upload	Checkout Code	2026-01-28T08:10:45.5936434Z remote: Counting objects:  81% (36/44)        
generate-and-upload	Checkout Code	2026-01-28T08:10:45.5938029Z remote: Counting objects:  84% (37/44)        
generate-and-upload	Checkout Code	2026-01-28T08:10:45.5939801Z remote: Counting objects:  86% (38/44)        
generate-and-upload	Checkout Code	2026-01-28T08:10:45.5941472Z remote: Counting objects:  88% (39/44)        
generate-and-upload	Checkout Code	2026-01-28T08:10:45.5943141Z remote: Counting objects:  90% (40/44)        
generate-and-upload	Checkout Code	2026-01-28T08:10:45.5944799Z remote: Counting objects:  93% (41/44)        
generate-and-upload	Checkout Code	2026-01-28T08:10:45.5946468Z remote: Counting objects:  95% (42/44)        
generate-and-upload	Checkout Code	2026-01-28T08:10:45.5948058Z remote: Counting objects:  97% (43/44)        
generate-and-upload	Checkout Code	2026-01-28T08:10:45.5949744Z remote: Counting objects: 100% (44/44)        
generate-and-upload	Checkout Code	2026-01-28T08:10:45.5951391Z remote: Counting objects: 100% (44/44), done.        
generate-and-upload	Checkout Code	2026-01-28T08:10:45.5953138Z remote: Compressing objects:   2% (1/38)        
generate-and-upload	Checkout Code	2026-01-28T08:10:45.5954772Z remote: Compressing objects:   5% (2/38)        
generate-and-upload	Checkout Code	2026-01-28T08:10:45.5956373Z remote: Compressing objects:   7% (3/38)        
generate-and-upload	Checkout Code	2026-01-28T08:10:45.5958241Z remote: Compressing objects:  10% (4/38)        
generate-and-upload	Checkout Code	2026-01-28T08:10:45.5959980Z remote: Compressing objects:  13% (5/38)        
generate-and-upload	Checkout Code	2026-01-28T08:10:45.5961591Z remote: Compressing objects:  15% (6/38)        
generate-and-upload	Checkout Code	2026-01-28T08:10:45.5963183Z remote: Compressing objects:  18% (7/38)        
generate-and-upload	Checkout Code	2026-01-28T08:10:45.5964809Z remote: Compressing objects:  21% (8/38)        
generate-and-upload	Checkout Code	2026-01-28T08:10:45.5966426Z remote: Compressing objects:  23% (9/38)        
generate-and-upload	Checkout Code	2026-01-28T08:10:45.5968969Z remote: Compressing objects:  26% (10/38)        
generate-and-upload	Checkout Code	2026-01-28T08:10:45.5971184Z remote: Compressing objects:  28% (11/38)        
generate-and-upload	Checkout Code	2026-01-28T08:10:45.5973325Z remote: Compressing objects:  31% (12/38)        
generate-and-upload	Checkout Code	2026-01-28T08:10:45.5975472Z remote: Compressing objects:  34% (13/38)        
generate-and-upload	Checkout Code	2026-01-28T08:10:45.5977617Z remote: Compressing objects:  36% (14/38)        
generate-and-upload	Checkout Code	2026-01-28T08:10:45.5979967Z remote: Compressing objects:  39% (15/38)        
generate-and-upload	Checkout Code	2026-01-28T08:10:45.5982053Z remote: Compressing objects:  42% (16/38)        
generate-and-upload	Checkout Code	2026-01-28T08:10:45.5984213Z remote: Compressing objects:  44% (17/38)        
generate-and-upload	Checkout Code	2026-01-28T08:10:45.5986214Z remote: Compressing objects:  47% (18/38)        
generate-and-upload	Checkout Code	2026-01-28T08:10:45.6024519Z remote: Compressing objects:  50% (19/38)        
generate-and-upload	Checkout Code	2026-01-28T08:10:45.6027463Z remote: Compressing objects:  52% (20/38)        
generate-and-upload	Checkout Code	2026-01-28T08:10:45.6047034Z remote: Compressing objects:  55% (21/38)        
generate-and-upload	Checkout Code	2026-01-28T08:10:45.6140578Z remote: Compressing objects:  57% (22/38)        
generate-and-upload	Checkout Code	2026-01-28T08:10:45.6143155Z remote: Compressing objects:  60% (23/38)        
generate-and-upload	Checkout Code	2026-01-28T08:10:45.6145797Z remote: Compressing objects:  63% (24/38)        
generate-and-upload	Checkout Code	2026-01-28T08:10:45.6148344Z remote: Compressing objects:  65% (25/38)        
generate-and-upload	Checkout Code	2026-01-28T08:10:45.6151071Z remote: Compressing objects:  68% (26/38)        
generate-and-upload	Checkout Code	2026-01-28T08:10:45.6153599Z remote: Compressing objects:  71% (27/38)        
generate-and-upload	Checkout Code	2026-01-28T08:10:45.6156142Z remote: Compressing objects:  73% (28/38)        
generate-and-upload	Checkout Code	2026-01-28T08:10:45.6158863Z remote: Compressing objects:  76% (29/38)        
generate-and-upload	Checkout Code	2026-01-28T08:10:45.6161796Z remote: Compressing objects:  78% (30/38)        
generate-and-upload	Checkout Code	2026-01-28T08:10:45.6164304Z remote: Compressing objects:  81% (31/38)        
generate-and-upload	Checkout Code	2026-01-28T08:10:45.6166835Z remote: Compressing objects:  84% (32/38)        
generate-and-upload	Checkout Code	2026-01-28T08:10:45.6169611Z remote: Compressing objects:  86% (33/38)        
generate-and-upload	Checkout Code	2026-01-28T08:10:45.6171751Z remote: Compressing objects:  89% (34/38)        
generate-and-upload	Checkout Code	2026-01-28T08:10:45.6173350Z remote: Compressing objects:  92% (35/38)        
generate-and-upload	Checkout Code	2026-01-28T08:10:45.6174949Z remote: Compressing objects:  94% (36/38)        
generate-and-upload	Checkout Code	2026-01-28T08:10:45.6176538Z remote: Compressing objects:  97% (37/38)        
generate-and-upload	Checkout Code	2026-01-28T08:10:45.6178106Z remote: Compressing objects: 100% (38/38)        
generate-and-upload	Checkout Code	2026-01-28T08:10:45.6180104Z remote: Compressing objects: 100% (38/38), done.        
generate-and-upload	Checkout Code	2026-01-28T08:10:45.8700342Z remote: Total 44 (delta 2), reused 30 (delta 1), pack-reused 0 (from 0)        
generate-and-upload	Checkout Code	2026-01-28T08:10:46.1669444Z From https://github.com/StrongPartners/stream-global-factory
generate-and-upload	Checkout Code	2026-01-28T08:10:46.1672864Z  * [new ref]         e2bfeca42df44948e6725d3d3b8e27ef106bc592 -> origin/main
generate-and-upload	Checkout Code	2026-01-28T08:10:46.1741498Z ##[endgroup]
generate-and-upload	Checkout Code	2026-01-28T08:10:46.1744689Z ##[group]Determining the checkout info
generate-and-upload	Checkout Code	2026-01-28T08:10:46.1749370Z ##[endgroup]
generate-and-upload	Checkout Code	2026-01-28T08:10:46.1753622Z ##[group]Checking out the ref
generate-and-upload	Checkout Code	2026-01-28T08:10:46.1756481Z [command]/usr/bin/git checkout --progress --force -B main refs/remotes/origin/main
generate-and-upload	Checkout Code	2026-01-28T08:10:46.2500369Z Switched to a new branch 'main'
generate-and-upload	Checkout Code	2026-01-28T08:10:46.2503415Z branch 'main' set up to track 'origin/main'.
generate-and-upload	Checkout Code	2026-01-28T08:10:46.2511583Z ##[endgroup]
generate-and-upload	Checkout Code	2026-01-28T08:10:46.2580465Z [command]/usr/bin/git log -1 --format='%H'
generate-and-upload	Checkout Code	2026-01-28T08:10:46.2612244Z 'e2bfeca42df44948e6725d3d3b8e27ef106bc592'
generate-and-upload	Set up Python	﻿2026-01-28T08:10:46.2993747Z ##[group]Run actions/setup-python@v4
generate-and-upload	Set up Python	2026-01-28T08:10:46.2994986Z with:
generate-and-upload	Set up Python	2026-01-28T08:10:46.2995812Z   python-version: 3.10
generate-and-upload	Set up Python	2026-01-28T08:10:46.2996843Z   check-latest: false
generate-and-upload	Set up Python	2026-01-28T08:10:46.2998084Z   token: ***
generate-and-upload	Set up Python	2026-01-28T08:10:46.2999268Z   update-environment: true
generate-and-upload	Set up Python	2026-01-28T08:10:46.3000361Z   allow-prereleases: false
generate-and-upload	Set up Python	2026-01-28T08:10:46.3001356Z ##[endgroup]
generate-and-upload	Set up Python	2026-01-28T08:10:46.5094468Z ##[group]Installed versions
generate-and-upload	Set up Python	2026-01-28T08:10:46.5483094Z Successfully set up CPython (3.10.19)
generate-and-upload	Set up Python	2026-01-28T08:10:46.5487491Z ##[endgroup]
generate-and-upload	Install FFmpeg	﻿2026-01-28T08:10:46.5658851Z ##[group]Run sudo apt-get update
generate-and-upload	Install FFmpeg	2026-01-28T08:10:46.5660091Z [36;1msudo apt-get update[0m
generate-and-upload	Install FFmpeg	2026-01-28T08:10:46.5661231Z [36;1msudo apt-get install -y ffmpeg[0m
generate-and-upload	Install FFmpeg	2026-01-28T08:10:46.5773994Z shell: /usr/bin/bash -e {0}
generate-and-upload	Install FFmpeg	2026-01-28T08:10:46.5775053Z env:
generate-and-upload	Install FFmpeg	2026-01-28T08:10:46.5776101Z   pythonLocation: /opt/hostedtoolcache/Python/3.10.19/x64
generate-and-upload	Install FFmpeg	2026-01-28T08:10:46.5777881Z   PKG_CONFIG_PATH: /opt/hostedtoolcache/Python/3.10.19/x64/lib/pkgconfig
generate-and-upload	Install FFmpeg	2026-01-28T08:10:46.5779839Z   Python_ROOT_DIR: /opt/hostedtoolcache/Python/3.10.19/x64
generate-and-upload	Install FFmpeg	2026-01-28T08:10:46.5781487Z   Python2_ROOT_DIR: /opt/hostedtoolcache/Python/3.10.19/x64
generate-and-upload	Install FFmpeg	2026-01-28T08:10:46.5851029Z   Python3_ROOT_DIR: /opt/hostedtoolcache/Python/3.10.19/x64
generate-and-upload	Install FFmpeg	2026-01-28T08:10:46.5853638Z   LD_LIBRARY_PATH: /opt/hostedtoolcache/Python/3.10.19/x64/lib
generate-and-upload	Install FFmpeg	2026-01-28T08:10:46.5855937Z ##[endgroup]
generate-and-upload	Install FFmpeg	2026-01-28T08:10:46.7770243Z Get:1 file:/etc/apt/apt-mirrors.txt Mirrorlist [144 B]
generate-and-upload	Install FFmpeg	2026-01-28T08:10:46.8395002Z Hit:6 https://packages.microsoft.com/repos/azure-cli noble InRelease
generate-and-upload	Install FFmpeg	2026-01-28T08:10:46.8417615Z Hit:2 http://azure.archive.ubuntu.com/ubuntu noble InRelease
generate-and-upload	Install FFmpeg	2026-01-28T08:10:46.8446362Z Get:7 https://packages.microsoft.com/ubuntu/24.04/prod noble InRelease [3600 B]
generate-and-upload	Install FFmpeg	2026-01-28T08:10:46.8501834Z Get:3 http://azure.archive.ubuntu.com/ubuntu noble-updates InRelease [126 kB]
generate-and-upload	Install FFmpeg	2026-01-28T08:10:46.8584652Z Get:4 http://azure.archive.ubuntu.com/ubuntu noble-backports InRelease [126 kB]
generate-and-upload	Install FFmpeg	2026-01-28T08:10:46.8626991Z Get:5 http://azure.archive.ubuntu.com/ubuntu noble-security InRelease [126 kB]
generate-and-upload	Install FFmpeg	2026-01-28T08:10:47.1375870Z Get:8 https://packages.microsoft.com/ubuntu/24.04/prod noble/main all Packages [650 B]
generate-and-upload	Install FFmpeg	2026-01-28T08:10:47.1542488Z Get:9 https://packages.microsoft.com/ubuntu/24.04/prod noble/main amd64 Packages [86.6 kB]
generate-and-upload	Install FFmpeg	2026-01-28T08:10:47.1584701Z Get:10 https://packages.microsoft.com/ubuntu/24.04/prod noble/main armhf Packages [12.3 kB]
generate-and-upload	Install FFmpeg	2026-01-28T08:10:47.1617001Z Get:11 https://packages.microsoft.com/ubuntu/24.04/prod noble/main arm64 Packages [66.6 kB]
generate-and-upload	Install FFmpeg	2026-01-28T08:10:47.2010051Z Get:12 http://azure.archive.ubuntu.com/ubuntu noble-updates/main amd64 Packages [1700 kB]
generate-and-upload	Install FFmpeg	2026-01-28T08:10:47.2140954Z Get:13 http://azure.archive.ubuntu.com/ubuntu noble-updates/main Translation-en [314 kB]
generate-and-upload	Install FFmpeg	2026-01-28T08:10:47.2165029Z Get:14 http://azure.archive.ubuntu.com/ubuntu noble-updates/main amd64 Components [175 kB]
generate-and-upload	Install FFmpeg	2026-01-28T08:10:47.2199802Z Get:15 http://azure.archive.ubuntu.com/ubuntu noble-updates/main amd64 c-n-f Metadata [16.0 kB]
generate-and-upload	Install FFmpeg	2026-01-28T08:10:47.2260167Z Get:16 http://azure.archive.ubuntu.com/ubuntu noble-updates/universe amd64 Packages [1519 kB]
generate-and-upload	Install FFmpeg	2026-01-28T08:10:47.2424966Z Get:17 http://azure.archive.ubuntu.com/ubuntu noble-updates/universe Translation-en [310 kB]
generate-and-upload	Install FFmpeg	2026-01-28T08:10:47.2472061Z Get:18 http://azure.archive.ubuntu.com/ubuntu noble-updates/universe amd64 Components [386 kB]
generate-and-upload	Install FFmpeg	2026-01-28T08:10:47.2531532Z Get:19 http://azure.archive.ubuntu.com/ubuntu noble-updates/universe amd64 c-n-f Metadata [31.6 kB]
generate-and-upload	Install FFmpeg	2026-01-28T08:10:47.2581774Z Get:20 http://azure.archive.ubuntu.com/ubuntu noble-updates/restricted amd64 Packages [2506 kB]
generate-and-upload	Install FFmpeg	2026-01-28T08:10:47.2862616Z Get:21 http://azure.archive.ubuntu.com/ubuntu noble-updates/restricted Translation-en [573 kB]
generate-and-upload	Install FFmpeg	2026-01-28T08:10:47.3390382Z Get:22 http://azure.archive.ubuntu.com/ubuntu noble-updates/restricted amd64 Components [212 B]
generate-and-upload	Install FFmpeg	2026-01-28T08:10:47.3547529Z Get:23 http://azure.archive.ubuntu.com/ubuntu noble-updates/restricted amd64 c-n-f Metadata [556 B]
generate-and-upload	Install FFmpeg	2026-01-28T08:10:47.3576699Z Get:24 http://azure.archive.ubuntu.com/ubuntu noble-updates/multiverse amd64 Packages [31.8 kB]
generate-and-upload	Install FFmpeg	2026-01-28T08:10:47.3578813Z Get:25 http://azure.archive.ubuntu.com/ubuntu noble-updates/multiverse Translation-en [6348 B]
generate-and-upload	Install FFmpeg	2026-01-28T08:10:47.3580600Z Get:26 http://azure.archive.ubuntu.com/ubuntu noble-updates/multiverse amd64 Components [940 B]
generate-and-upload	Install FFmpeg	2026-01-28T08:10:47.3582409Z Get:27 http://azure.archive.ubuntu.com/ubuntu noble-updates/multiverse amd64 c-n-f Metadata [496 B]
generate-and-upload	Install FFmpeg	2026-01-28T08:10:47.3584024Z Get:28 http://azure.archive.ubuntu.com/ubuntu noble-backports/main amd64 Components [7284 B]
generate-and-upload	Install FFmpeg	2026-01-28T08:10:47.3585931Z Get:29 http://azure.archive.ubuntu.com/ubuntu noble-backports/universe amd64 Components [10.5 kB]
generate-and-upload	Install FFmpeg	2026-01-28T08:10:47.3587580Z Get:30 http://azure.archive.ubuntu.com/ubuntu noble-backports/restricted amd64 Components [216 B]
generate-and-upload	Install FFmpeg	2026-01-28T08:10:47.3598061Z Get:31 http://azure.archive.ubuntu.com/ubuntu noble-backports/multiverse amd64 Components [212 B]
generate-and-upload	Install FFmpeg	2026-01-28T08:10:47.3611687Z Get:32 http://azure.archive.ubuntu.com/ubuntu noble-security/main amd64 Packages [1410 kB]
generate-and-upload	Install FFmpeg	2026-01-28T08:10:47.3779714Z Get:33 http://azure.archive.ubuntu.com/ubuntu noble-security/main Translation-en [229 kB]
generate-and-upload	Install FFmpeg	2026-01-28T08:10:47.3895443Z Get:34 http://azure.archive.ubuntu.com/ubuntu noble-security/main amd64 Components [21.5 kB]
generate-and-upload	Install FFmpeg	2026-01-28T08:10:47.3905004Z Get:35 http://azure.archive.ubuntu.com/ubuntu noble-security/main amd64 c-n-f Metadata [9820 B]
generate-and-upload	Install FFmpeg	2026-01-28T08:10:47.4348138Z Get:36 http://azure.archive.ubuntu.com/ubuntu noble-security/universe amd64 Packages [924 kB]
generate-and-upload	Install FFmpeg	2026-01-28T08:10:47.4481173Z Get:37 http://azure.archive.ubuntu.com/ubuntu noble-security/universe Translation-en [209 kB]
generate-and-upload	Install FFmpeg	2026-01-28T08:10:47.4519802Z Get:38 http://azure.archive.ubuntu.com/ubuntu noble-security/universe amd64 Components [74.3 kB]
generate-and-upload	Install FFmpeg	2026-01-28T08:10:47.4531692Z Get:39 http://azure.archive.ubuntu.com/ubuntu noble-security/universe amd64 c-n-f Metadata [19.7 kB]
generate-and-upload	Install FFmpeg	2026-01-28T08:10:47.4542087Z Get:40 http://azure.archive.ubuntu.com/ubuntu noble-security/restricted amd64 Components [212 B]
generate-and-upload	Install FFmpeg	2026-01-28T08:10:47.4556261Z Get:41 http://azure.archive.ubuntu.com/ubuntu noble-security/multiverse amd64 Packages [28.0 kB]
generate-and-upload	Install FFmpeg	2026-01-28T08:10:47.4573808Z Get:42 http://azure.archive.ubuntu.com/ubuntu noble-security/multiverse Translation-en [6472 B]
generate-and-upload	Install FFmpeg	2026-01-28T08:10:47.4581468Z Get:43 http://azure.archive.ubuntu.com/ubuntu noble-security/multiverse amd64 Components [208 B]
generate-and-upload	Install FFmpeg	2026-01-28T08:10:56.7251887Z Fetched 11.1 MB in 2s (5771 kB/s)
generate-and-upload	Install FFmpeg	2026-01-28T08:10:57.5186749Z Reading package lists...
generate-and-upload	Install FFmpeg	2026-01-28T08:10:57.5525906Z Reading package lists...
generate-and-upload	Install FFmpeg	2026-01-28T08:10:57.7508887Z Building dependency tree...
generate-and-upload	Install FFmpeg	2026-01-28T08:10:57.7518821Z Reading state information...
generate-and-upload	Install FFmpeg	2026-01-28T08:10:57.9297396Z The following additional packages will be installed:
generate-and-upload	Install FFmpeg	2026-01-28T08:10:57.9298241Z   i965-va-driver intel-media-va-driver libaacs0 libass9 libasyncns0
generate-and-upload	Install FFmpeg	2026-01-28T08:10:57.9305293Z   libavc1394-0 libavcodec60 libavdevice60 libavfilter9 libavformat60
generate-and-upload	Install FFmpeg	2026-01-28T08:10:57.9306282Z   libavutil58 libbdplus0 libblas3 libbluray2 libbs2b0 libcaca0
generate-and-upload	Install FFmpeg	2026-01-28T08:10:57.9307183Z   libcdio-cdda2t64 libcdio-paranoia2t64 libcdio19t64 libchromaprint1 libcjson1
generate-and-upload	Install FFmpeg	2026-01-28T08:10:57.9308184Z   libcodec2-1.2 libdav1d7 libdc1394-25 libdecor-0-0 libdecor-0-plugin-1-gtk
generate-and-upload	Install FFmpeg	2026-01-28T08:10:57.9309639Z   libflac12t64 libflite1 libgme0 libgsm1 libhwy1t64 libiec61883-0 libigdgmm12
generate-and-upload	Install FFmpeg	2026-01-28T08:10:57.9310512Z   libjack-jackd2-0 libjxl0.7 liblapack3 liblilv-0-0 libmbedcrypto7t64
generate-and-upload	Install FFmpeg	2026-01-28T08:10:57.9311230Z   libmp3lame0 libmpg123-0t64 libmysofa1 libopenal-data libopenal1
generate-and-upload	Install FFmpeg	2026-01-28T08:10:57.9311990Z   libopenmpt0t64 libopus0 libplacebo338 libpocketsphinx3 libpostproc57
generate-and-upload	Install FFmpeg	2026-01-28T08:10:57.9313194Z   libpulse0 librav1e0 libraw1394-11 librist4 librsvg2-2 librsvg2-common
generate-and-upload	Install FFmpeg	2026-01-28T08:10:57.9314453Z   librubberband2 libsamplerate0 libsdl2-2.0-0 libserd-0-0 libshine3
generate-and-upload	Install FFmpeg	2026-01-28T08:10:57.9316072Z   libsndfile1 libsndio7.0 libsord-0-0 libsoxr0 libspeex1 libsphinxbase3t64
generate-and-upload	Install FFmpeg	2026-01-28T08:10:57.9317706Z   libsratom-0-0 libsrt1.5-gnutls libssh-4 libssh-gcrypt-4 libsvtav1enc1d1
generate-and-upload	Install FFmpeg	2026-01-28T08:10:57.9320692Z   libswresample4 libswscale7 libtheora0 libtwolame0 libudfread0 libunibreak5
generate-and-upload	Install FFmpeg	2026-01-28T08:10:57.9321650Z   libva-drm2 libva-x11-2 libva2 libvdpau1 libvidstab1.1 libvorbisenc2 libvpl2
generate-and-upload	Install FFmpeg	2026-01-28T08:10:57.9322541Z   libvpx9 libx264-164 libx265-199 libxcb-shape0 libxv1 libxvidcore4 libzimg2
generate-and-upload	Install FFmpeg	2026-01-28T08:10:57.9323440Z   libzix-0-0 libzvbi-common libzvbi0t64 mesa-va-drivers mesa-vdpau-drivers
generate-and-upload	Install FFmpeg	2026-01-28T08:10:57.9324322Z   ocl-icd-libopencl1 pocketsphinx-en-us va-driver-all vdpau-driver-all
generate-and-upload	Install FFmpeg	2026-01-28T08:10:57.9325378Z Suggested packages:
generate-and-upload	Install FFmpeg	2026-01-28T08:10:57.9325955Z   ffmpeg-doc i965-va-driver-shaders libcuda1 libnvcuvid1 libnvidia-encode1
generate-and-upload	Install FFmpeg	2026-01-28T08:10:57.9326838Z   libbluray-bdj jackd2 libportaudio2 opus-tools pulseaudio libraw1394-doc
generate-and-upload	Install FFmpeg	2026-01-28T08:10:57.9327664Z   librsvg2-bin serdi sndiod sordi speex opencl-icd libvdpau-va-gl1
generate-and-upload	Install FFmpeg	2026-01-28T08:10:58.0000904Z The following NEW packages will be installed:
generate-and-upload	Install FFmpeg	2026-01-28T08:10:58.0001762Z   ffmpeg i965-va-driver intel-media-va-driver libaacs0 libass9 libasyncns0
generate-and-upload	Install FFmpeg	2026-01-28T08:10:58.0002714Z   libavc1394-0 libavcodec60 libavdevice60 libavfilter9 libavformat60
generate-and-upload	Install FFmpeg	2026-01-28T08:10:58.0003652Z   libavutil58 libbdplus0 libblas3 libbluray2 libbs2b0 libcaca0
generate-and-upload	Install FFmpeg	2026-01-28T08:10:58.0004615Z   libcdio-cdda2t64 libcdio-paranoia2t64 libcdio19t64 libchromaprint1 libcjson1
generate-and-upload	Install FFmpeg	2026-01-28T08:10:58.0006503Z   libcodec2-1.2 libdav1d7 libdc1394-25 libdecor-0-0 libdecor-0-plugin-1-gtk
generate-and-upload	Install FFmpeg	2026-01-28T08:10:58.0007486Z   libflac12t64 libflite1 libgme0 libgsm1 libhwy1t64 libiec61883-0 libigdgmm12
generate-and-upload	Install FFmpeg	2026-01-28T08:10:58.0009104Z   libjack-jackd2-0 libjxl0.7 liblapack3 liblilv-0-0 libmbedcrypto7t64
generate-and-upload	Install FFmpeg	2026-01-28T08:10:58.0010255Z   libmp3lame0 libmpg123-0t64 libmysofa1 libopenal-data libopenal1
generate-and-upload	Install FFmpeg	2026-01-28T08:10:58.0011082Z   libopenmpt0t64 libopus0 libplacebo338 libpocketsphinx3 libpostproc57
generate-and-upload	Install FFmpeg	2026-01-28T08:10:58.0011926Z   libpulse0 librav1e0 libraw1394-11 librist4 librsvg2-2 librsvg2-common
generate-and-upload	Install FFmpeg	2026-01-28T08:10:58.0012790Z   librubberband2 libsamplerate0 libsdl2-2.0-0 libserd-0-0 libshine3
generate-and-upload	Install FFmpeg	2026-01-28T08:10:58.0013706Z   libsndfile1 libsndio7.0 libsord-0-0 libsoxr0 libspeex1 libsphinxbase3t64
generate-and-upload	Install FFmpeg	2026-01-28T08:10:58.0014546Z   libsratom-0-0 libsrt1.5-gnutls libssh-gcrypt-4 libsvtav1enc1d1
generate-and-upload	Install FFmpeg	2026-01-28T08:10:58.0015445Z   libswresample4 libswscale7 libtheora0 libtwolame0 libudfread0 libunibreak5
generate-and-upload	Install FFmpeg	2026-01-28T08:10:58.0016901Z   libva-drm2 libva-x11-2 libva2 libvdpau1 libvidstab1.1 libvorbisenc2 libvpl2
generate-and-upload	Install FFmpeg	2026-01-28T08:10:58.0017794Z   libvpx9 libx264-164 libx265-199 libxcb-shape0 libxv1 libxvidcore4 libzimg2
generate-and-upload	Install FFmpeg	2026-01-28T08:10:58.0023894Z   libzix-0-0 libzvbi-common libzvbi0t64 mesa-va-drivers mesa-vdpau-drivers
generate-and-upload	Install FFmpeg	2026-01-28T08:10:58.0045868Z   ocl-icd-libopencl1 pocketsphinx-en-us va-driver-all vdpau-driver-all
generate-and-upload	Install FFmpeg	2026-01-28T08:10:58.0047384Z The following packages will be upgraded:
generate-and-upload	Install FFmpeg	2026-01-28T08:10:58.0048131Z   libssh-4
generate-and-upload	Install FFmpeg	2026-01-28T08:10:58.0238969Z 1 upgraded, 99 newly installed, 0 to remove and 72 not upgraded.
generate-and-upload	Install FFmpeg	2026-01-28T08:10:58.0239852Z Need to get 94.3 MB of archives.
generate-and-upload	Install FFmpeg	2026-01-28T08:10:58.0248376Z After this operation, 227 MB of additional disk space will be used.
generate-and-upload	Install FFmpeg	2026-01-28T08:10:58.0251360Z Get:1 file:/etc/apt/apt-mirrors.txt Mirrorlist [144 B]
generate-and-upload	Install FFmpeg	2026-01-28T08:10:58.0862270Z Get:2 http://azure.archive.ubuntu.com/ubuntu noble/universe amd64 libva2 amd64 2.20.0-2build1 [66.2 kB]
generate-and-upload	Install FFmpeg	2026-01-28T08:10:58.1576779Z Get:3 http://azure.archive.ubuntu.com/ubuntu noble/universe amd64 libva-drm2 amd64 2.20.0-2build1 [7124 B]
generate-and-upload	Install FFmpeg	2026-01-28T08:10:58.1812203Z Get:4 http://azure.archive.ubuntu.com/ubuntu noble/universe amd64 libva-x11-2 amd64 2.20.0-2build1 [12.0 kB]
generate-and-upload	Install FFmpeg	2026-01-28T08:10:58.2034181Z Get:5 http://azure.archive.ubuntu.com/ubuntu noble/main amd64 libvdpau1 amd64 1.5-2build1 [27.8 kB]
generate-and-upload	Install FFmpeg	2026-01-28T08:10:58.2256046Z Get:6 http://azure.archive.ubuntu.com/ubuntu noble/universe amd64 libvpl2 amd64 2023.3.0-1build1 [99.8 kB]
generate-and-upload	Install FFmpeg	2026-01-28T08:10:58.2483685Z Get:7 http://azure.archive.ubuntu.com/ubuntu noble/universe amd64 ocl-icd-libopencl1 amd64 2.3.2-1build1 [38.5 kB]
generate-and-upload	Install FFmpeg	2026-01-28T08:10:58.2801511Z Get:8 http://azure.archive.ubuntu.com/ubuntu noble/universe amd64 libavutil58 amd64 7:6.1.1-3ubuntu5 [401 kB]
generate-and-upload	Install FFmpeg	2026-01-28T08:10:58.3133492Z Get:9 http://azure.archive.ubuntu.com/ubuntu noble/universe amd64 libcodec2-1.2 amd64 1.2.0-2build1 [8998 kB]
generate-and-upload	Install FFmpeg	2026-01-28T08:10:58.4417322Z Get:10 http://azure.archive.ubuntu.com/ubuntu noble/universe amd64 libdav1d7 amd64 1.4.1-1build1 [604 kB]
generate-and-upload	Install FFmpeg	2026-01-28T08:10:58.4719094Z Get:11 http://azure.archive.ubuntu.com/ubuntu noble/universe amd64 libgsm1 amd64 1.0.22-1build1 [27.8 kB]
generate-and-upload	Install FFmpeg	2026-01-28T08:10:58.5030576Z Get:12 http://azure.archive.ubuntu.com/ubuntu noble/universe amd64 libhwy1t64 amd64 1.0.7-8.1build1 [584 kB]
generate-and-upload	Install FFmpeg	2026-01-28T08:10:58.5657319Z Get:13 http://azure.archive.ubuntu.com/ubuntu noble-updates/universe amd64 libjxl0.7 amd64 0.7.0-10.2ubuntu6.1 [1001 kB]
generate-and-upload	Install FFmpeg	2026-01-28T08:10:58.5971421Z Get:14 http://azure.archive.ubuntu.com/ubuntu noble/main amd64 libmp3lame0 amd64 3.100-6build1 [142 kB]
generate-and-upload	Install FFmpeg	2026-01-28T08:10:58.6259755Z Get:15 http://azure.archive.ubuntu.com/ubuntu noble/main amd64 libopus0 amd64 1.4-1build1 [208 kB]
generate-and-upload	Install FFmpeg	2026-01-28T08:10:58.6549989Z Get:16 http://azure.archive.ubuntu.com/ubuntu noble/universe amd64 librav1e0 amd64 0.7.1-2 [1022 kB]
generate-and-upload	Install FFmpeg	2026-01-28T08:10:58.6872625Z Get:17 http://azure.archive.ubuntu.com/ubuntu noble/main amd64 librsvg2-2 amd64 2.58.0+dfsg-1build1 [2135 kB]
generate-and-upload	Install FFmpeg	2026-01-28T08:10:58.7255634Z Get:18 http://azure.archive.ubuntu.com/ubuntu noble/universe amd64 libshine3 amd64 3.1.1-2build1 [23.2 kB]
generate-and-upload	Install FFmpeg	2026-01-28T08:10:58.7473187Z Get:19 http://azure.archive.ubuntu.com/ubuntu noble-updates/main amd64 libspeex1 amd64 1.2.1-2ubuntu2.24.04.1 [59.6 kB]
generate-and-upload	Install FFmpeg	2026-01-28T08:10:58.7696618Z Get:20 http://azure.archive.ubuntu.com/ubuntu noble/universe amd64 libsvtav1enc1d1 amd64 1.7.0+dfsg-2build1 [2425 kB]
generate-and-upload	Install FFmpeg	2026-01-28T08:10:58.8092489Z Get:21 http://azure.archive.ubuntu.com/ubuntu noble/universe amd64 libsoxr0 amd64 0.1.3-4build3 [80.0 kB]
generate-and-upload	Install FFmpeg	2026-01-28T08:10:58.8324143Z Get:22 http://azure.archive.ubuntu.com/ubuntu noble/universe amd64 libswresample4 amd64 7:6.1.1-3ubuntu5 [63.8 kB]
generate-and-upload	Install FFmpeg	2026-01-28T08:10:58.8542246Z Get:23 http://azure.archive.ubuntu.com/ubuntu noble/main amd64 libtheora0 amd64 1.1.1+dfsg.1-16.1build3 [211 kB]
generate-and-upload	Install FFmpeg	2026-01-28T08:10:58.8803122Z Get:24 http://azure.archive.ubuntu.com/ubuntu noble/main amd64 libtwolame0 amd64 0.4.0-2build3 [52.3 kB]
generate-and-upload	Install FFmpeg	2026-01-28T08:10:58.9027989Z Get:25 http://azure.archive.ubuntu.com/ubuntu noble/main amd64 libvorbisenc2 amd64 1.3.7-1build3 [80.8 kB]
generate-and-upload	Install FFmpeg	2026-01-28T08:10:58.9249404Z Get:26 http://azure.archive.ubuntu.com/ubuntu noble-updates/main amd64 libvpx9 amd64 1.14.0-1ubuntu2.2 [1143 kB]
generate-and-upload	Install FFmpeg	2026-01-28T08:10:58.9790120Z Get:27 http://azure.archive.ubuntu.com/ubuntu noble/universe amd64 libx264-164 amd64 2:0.164.3108+git31e19f9-1 [604 kB]
generate-and-upload	Install FFmpeg	2026-01-28T08:10:59.0144931Z Get:28 http://azure.archive.ubuntu.com/ubuntu noble/universe amd64 libx265-199 amd64 3.5-2build1 [1226 kB]
generate-and-upload	Install FFmpeg	2026-01-28T08:10:59.0470172Z Get:29 http://azure.archive.ubuntu.com/ubuntu noble/universe amd64 libxvidcore4 amd64 2:1.3.7-1build1 [219 kB]
generate-and-upload	Install FFmpeg	2026-01-28T08:10:59.0711714Z Get:30 http://azure.archive.ubuntu.com/ubuntu noble/universe amd64 libzvbi-common all 0.2.42-2 [42.4 kB]
generate-and-upload	Install FFmpeg	2026-01-28T08:10:59.0932602Z Get:31 http://azure.archive.ubuntu.com/ubuntu noble/universe amd64 libzvbi0t64 amd64 0.2.42-2 [261 kB]
generate-and-upload	Install FFmpeg	2026-01-28T08:10:59.1173447Z Get:32 http://azure.archive.ubuntu.com/ubuntu noble/universe amd64 libavcodec60 amd64 7:6.1.1-3ubuntu5 [5851 kB]
generate-and-upload	Install FFmpeg	2026-01-28T08:10:59.1856484Z Get:33 http://azure.archive.ubuntu.com/ubuntu noble/main amd64 libraw1394-11 amd64 2.1.2-2build3 [26.2 kB]
generate-and-upload	Install FFmpeg	2026-01-28T08:10:59.2082003Z Get:34 http://azure.archive.ubuntu.com/ubuntu noble/main amd64 libavc1394-0 amd64 0.5.4-5build3 [15.4 kB]
generate-and-upload	Install FFmpeg	2026-01-28T08:10:59.2299357Z Get:35 http://azure.archive.ubuntu.com/ubuntu noble/universe amd64 libunibreak5 amd64 5.1-2build1 [25.0 kB]
generate-and-upload	Install FFmpeg	2026-01-28T08:10:59.2524129Z Get:36 http://azure.archive.ubuntu.com/ubuntu noble/universe amd64 libass9 amd64 1:0.17.1-2build1 [104 kB]
generate-and-upload	Install FFmpeg	2026-01-28T08:10:59.2753294Z Get:37 http://azure.archive.ubuntu.com/ubuntu noble/universe amd64 libudfread0 amd64 1.1.2-1build1 [19.0 kB]
generate-and-upload	Install FFmpeg	2026-01-28T08:10:59.3015848Z Get:38 http://azure.archive.ubuntu.com/ubuntu noble/universe amd64 libbluray2 amd64 1:1.3.4-1build1 [159 kB]
generate-and-upload	Install FFmpeg	2026-01-28T08:10:59.3671739Z Get:39 http://azure.archive.ubuntu.com/ubuntu noble/universe amd64 libchromaprint1 amd64 1.5.1-5 [30.5 kB]
generate-and-upload	Install FFmpeg	2026-01-28T08:10:59.3898331Z Get:40 http://azure.archive.ubuntu.com/ubuntu noble/universe amd64 libgme0 amd64 0.6.3-7build1 [134 kB]
generate-and-upload	Install FFmpeg	2026-01-28T08:10:59.4129829Z Get:41 http://azure.archive.ubuntu.com/ubuntu noble-updates/main amd64 libmpg123-0t64 amd64 1.32.5-1ubuntu1.1 [169 kB]
generate-and-upload	Install FFmpeg	2026-01-28T08:10:59.4356533Z Get:42 http://azure.archive.ubuntu.com/ubuntu noble/universe amd64 libopenmpt0t64 amd64 0.7.3-1.1build3 [647 kB]
generate-and-upload	Install FFmpeg	2026-01-28T08:10:59.4644699Z Get:43 http://azure.archive.ubuntu.com/ubuntu noble/universe amd64 libcjson1 amd64 1.7.17-1 [24.8 kB]
generate-and-upload	Install FFmpeg	2026-01-28T08:10:59.4873836Z Get:44 http://azure.archive.ubuntu.com/ubuntu noble/universe amd64 libmbedcrypto7t64 amd64 2.28.8-1 [209 kB]
generate-and-upload	Install FFmpeg	2026-01-28T08:10:59.5123541Z Get:45 http://azure.archive.ubuntu.com/ubuntu noble/universe amd64 librist4 amd64 0.2.10+dfsg-2 [74.9 kB]
generate-and-upload	Install FFmpeg	2026-01-28T08:10:59.5356719Z Get:46 http://azure.archive.ubuntu.com/ubuntu noble/universe amd64 libsrt1.5-gnutls amd64 1.5.3-1build2 [316 kB]
generate-and-upload	Install FFmpeg	2026-01-28T08:10:59.5629479Z Get:47 http://azure.archive.ubuntu.com/ubuntu noble-updates/main amd64 libssh-gcrypt-4 amd64 0.10.6-2ubuntu0.2 [224 kB]
generate-and-upload	Install FFmpeg	2026-01-28T08:10:59.5877899Z Get:48 http://azure.archive.ubuntu.com/ubuntu noble/universe amd64 libavformat60 amd64 7:6.1.1-3ubuntu5 [1153 kB]
generate-and-upload	Install FFmpeg	2026-01-28T08:10:59.6184502Z Get:49 http://azure.archive.ubuntu.com/ubuntu noble/universe amd64 libbs2b0 amd64 3.1.0+dfsg-7build1 [10.6 kB]
generate-and-upload	Install FFmpeg	2026-01-28T08:10:59.6406337Z Get:50 http://azure.archive.ubuntu.com/ubuntu noble/universe amd64 libflite1 amd64 2.2-6build3 [13.6 MB]
generate-and-upload	Install FFmpeg	2026-01-28T08:10:59.7897359Z Get:51 http://azure.archive.ubuntu.com/ubuntu noble/universe amd64 libserd-0-0 amd64 0.32.2-1 [43.6 kB]
generate-and-upload	Install FFmpeg	2026-01-28T08:10:59.8117005Z Get:52 http://azure.archive.ubuntu.com/ubuntu noble/universe amd64 libzix-0-0 amd64 0.4.2-2build1 [23.6 kB]
generate-and-upload	Install FFmpeg	2026-01-28T08:10:59.8374130Z Get:53 http://azure.archive.ubuntu.com/ubuntu noble/universe amd64 libsord-0-0 amd64 0.16.16-2build1 [15.8 kB]
generate-and-upload	Install FFmpeg	2026-01-28T08:10:59.8635678Z Get:54 http://azure.archive.ubuntu.com/ubuntu noble/universe amd64 libsratom-0-0 amd64 0.6.16-1build1 [17.3 kB]
generate-and-upload	Install FFmpeg	2026-01-28T08:10:59.8896211Z Get:55 http://azure.archive.ubuntu.com/ubuntu noble/universe amd64 liblilv-0-0 amd64 0.24.22-1build1 [41.0 kB]
generate-and-upload	Install FFmpeg	2026-01-28T08:10:59.9163343Z Get:56 http://azure.archive.ubuntu.com/ubuntu noble/universe amd64 libmysofa1 amd64 1.3.2+dfsg-2ubuntu2 [1158 kB]
generate-and-upload	Install FFmpeg	2026-01-28T08:10:59.9539229Z Get:57 http://azure.archive.ubuntu.com/ubuntu noble/universe amd64 libplacebo338 amd64 6.338.2-2build1 [2654 kB]
generate-and-upload	Install FFmpeg	2026-01-28T08:11:00.0569411Z Get:58 http://azure.archive.ubuntu.com/ubuntu noble-updates/main amd64 libblas3 amd64 3.12.0-3build1.1 [238 kB]
generate-and-upload	Install FFmpeg	2026-01-28T08:11:00.0824079Z Get:59 http://azure.archive.ubuntu.com/ubuntu noble-updates/main amd64 liblapack3 amd64 3.12.0-3build1.1 [2646 kB]
generate-and-upload	Install FFmpeg	2026-01-28T08:11:00.1668181Z Get:60 http://azure.archive.ubuntu.com/ubuntu noble/main amd64 libasyncns0 amd64 0.8-6build4 [11.3 kB]
generate-and-upload	Install FFmpeg	2026-01-28T08:11:00.1884376Z Get:61 http://azure.archive.ubuntu.com/ubuntu noble/main amd64 libflac12t64 amd64 1.4.3+ds-2.1ubuntu2 [197 kB]
generate-and-upload	Install FFmpeg	2026-01-28T08:11:00.2183629Z Get:62 http://azure.archive.ubuntu.com/ubuntu noble-updates/main amd64 libsndfile1 amd64 1.2.2-1ubuntu5.24.04.1 [209 kB]
generate-and-upload	Install FFmpeg	2026-01-28T08:11:00.2444169Z Get:63 http://azure.archive.ubuntu.com/ubuntu noble-updates/main amd64 libpulse0 amd64 1:16.1+dfsg1-2ubuntu10.1 [292 kB]
generate-and-upload	Install FFmpeg	2026-01-28T08:11:00.2692800Z Get:64 http://azure.archive.ubuntu.com/ubuntu noble/universe amd64 libsphinxbase3t64 amd64 0.8+5prealpha+1-17build2 [126 kB]
generate-and-upload	Install FFmpeg	2026-01-28T08:11:00.2920922Z Get:65 http://azure.archive.ubuntu.com/ubuntu noble/universe amd64 libpocketsphinx3 amd64 0.8.0+real5prealpha+1-15ubuntu5 [133 kB]
generate-and-upload	Install FFmpeg	2026-01-28T08:11:00.3148878Z Get:66 http://azure.archive.ubuntu.com/ubuntu noble/universe amd64 libpostproc57 amd64 7:6.1.1-3ubuntu5 [49.9 kB]
generate-and-upload	Install FFmpeg	2026-01-28T08:11:00.3379553Z Get:67 http://azure.archive.ubuntu.com/ubuntu noble/main amd64 libsamplerate0 amd64 0.2.2-4build1 [1344 kB]
generate-and-upload	Install FFmpeg	2026-01-28T08:11:00.3700465Z Get:68 http://azure.archive.ubuntu.com/ubuntu noble/universe amd64 librubberband2 amd64 3.3.0+dfsg-2build1 [130 kB]
generate-and-upload	Install FFmpeg	2026-01-28T08:11:00.4074704Z Get:69 http://azure.archive.ubuntu.com/ubuntu noble/universe amd64 libswscale7 amd64 7:6.1.1-3ubuntu5 [193 kB]
generate-and-upload	Install FFmpeg	2026-01-28T08:11:00.4359708Z Get:70 http://azure.archive.ubuntu.com/ubuntu noble/universe amd64 libvidstab1.1 amd64 1.1.0-2build1 [38.5 kB]
generate-and-upload	Install FFmpeg	2026-01-28T08:11:00.4619763Z Get:71 http://azure.archive.ubuntu.com/ubuntu noble/universe amd64 libzimg2 amd64 3.0.5+ds1-1build1 [254 kB]
generate-and-upload	Install FFmpeg	2026-01-28T08:11:00.4920718Z Get:72 http://azure.archive.ubuntu.com/ubuntu noble/universe amd64 libavfilter9 amd64 7:6.1.1-3ubuntu5 [4235 kB]
generate-and-upload	Install FFmpeg	2026-01-28T08:11:00.5610647Z Get:73 http://azure.archive.ubuntu.com/ubuntu noble-updates/main amd64 libcaca0 amd64 0.99.beta20-4ubuntu0.1 [209 kB]
generate-and-upload	Install FFmpeg	2026-01-28T08:11:00.5877865Z Get:74 http://azure.archive.ubuntu.com/ubuntu noble-updates/main amd64 libcdio19t64 amd64 2.1.0-4.1ubuntu1.2 [62.4 kB]
generate-and-upload	Install FFmpeg	2026-01-28T08:11:00.6174869Z Get:75 http://azure.archive.ubuntu.com/ubuntu noble/main amd64 libcdio-cdda2t64 amd64 10.2+2.0.1-1.1build2 [16.5 kB]
generate-and-upload	Install FFmpeg	2026-01-28T08:11:00.6870751Z Get:76 http://azure.archive.ubuntu.com/ubuntu noble/main amd64 libcdio-paranoia2t64 amd64 10.2+2.0.1-1.1build2 [16.6 kB]
generate-and-upload	Install FFmpeg	2026-01-28T08:11:00.7130921Z Get:77 http://azure.archive.ubuntu.com/ubuntu noble/universe amd64 libdc1394-25 amd64 2.2.6-4build1 [90.1 kB]
generate-and-upload	Install FFmpeg	2026-01-28T08:11:00.7400995Z Get:78 http://azure.archive.ubuntu.com/ubuntu noble/main amd64 libiec61883-0 amd64 1.2.0-6build1 [24.5 kB]
generate-and-upload	Install FFmpeg	2026-01-28T08:11:00.7659631Z Get:79 http://azure.archive.ubuntu.com/ubuntu noble/main amd64 libjack-jackd2-0 amd64 1.9.21~dfsg-3ubuntu3 [289 kB]
generate-and-upload	Install FFmpeg	2026-01-28T08:11:00.7956306Z Get:80 http://azure.archive.ubuntu.com/ubuntu noble/universe amd64 libopenal-data all 1:1.23.1-4build1 [161 kB]
generate-and-upload	Install FFmpeg	2026-01-28T08:11:00.8257440Z Get:81 http://azure.archive.ubuntu.com/ubuntu noble/universe amd64 libsndio7.0 amd64 1.9.0-0.3build3 [29.6 kB]
generate-and-upload	Install FFmpeg	2026-01-28T08:11:00.8481076Z Get:82 http://azure.archive.ubuntu.com/ubuntu noble/universe amd64 libopenal1 amd64 1:1.23.1-4build1 [540 kB]
generate-and-upload	Install FFmpeg	2026-01-28T08:11:00.8779059Z Get:83 http://azure.archive.ubuntu.com/ubuntu noble/main amd64 libdecor-0-0 amd64 0.2.2-1build2 [16.5 kB]
generate-and-upload	Install FFmpeg	2026-01-28T08:11:00.9062478Z Get:84 http://azure.archive.ubuntu.com/ubuntu noble-updates/main amd64 libsdl2-2.0-0 amd64 2.30.0+dfsg-1ubuntu3.1 [686 kB]
generate-and-upload	Install FFmpeg	2026-01-28T08:11:00.9410202Z Get:85 http://azure.archive.ubuntu.com/ubuntu noble/main amd64 libxcb-shape0 amd64 1.15-1ubuntu2 [6100 B]
generate-and-upload	Install FFmpeg	2026-01-28T08:11:00.9687463Z Get:86 http://azure.archive.ubuntu.com/ubuntu noble/main amd64 libxv1 amd64 2:1.0.11-1.1build1 [10.7 kB]
generate-and-upload	Install FFmpeg	2026-01-28T08:11:00.9946508Z Get:87 http://azure.archive.ubuntu.com/ubuntu noble/universe amd64 libavdevice60 amd64 7:6.1.1-3ubuntu5 [82.3 kB]
generate-and-upload	Install FFmpeg	2026-01-28T08:11:01.0212469Z Get:88 http://azure.archive.ubuntu.com/ubuntu noble/universe amd64 ffmpeg amd64 7:6.1.1-3ubuntu5 [1879 kB]
generate-and-upload	Install FFmpeg	2026-01-28T08:11:01.0853676Z Get:89 http://azure.archive.ubuntu.com/ubuntu noble/universe amd64 libigdgmm12 amd64 22.3.17+ds1-1 [145 kB]
generate-and-upload	Install FFmpeg	2026-01-28T08:11:01.1134131Z Get:90 http://azure.archive.ubuntu.com/ubuntu noble-updates/universe amd64 intel-media-va-driver amd64 24.1.0+dfsg1-1ubuntu0.1 [3163 kB]
generate-and-upload	Install FFmpeg	2026-01-28T08:11:01.1691809Z Get:91 http://azure.archive.ubuntu.com/ubuntu noble/universe amd64 libaacs0 amd64 0.11.1-2build1 [62.9 kB]
generate-and-upload	Install FFmpeg	2026-01-28T08:11:01.1955723Z Get:92 http://azure.archive.ubuntu.com/ubuntu noble/universe amd64 libbdplus0 amd64 0.2.0-3build1 [52.2 kB]
generate-and-upload	Install FFmpeg	2026-01-28T08:11:01.2219726Z Get:93 http://azure.archive.ubuntu.com/ubuntu noble/main amd64 libdecor-0-plugin-1-gtk amd64 0.2.2-1build2 [22.2 kB]
generate-and-upload	Install FFmpeg	2026-01-28T08:11:01.2480664Z Get:94 http://azure.archive.ubuntu.com/ubuntu noble/main amd64 librsvg2-common amd64 2.58.0+dfsg-1build1 [11.8 kB]
generate-and-upload	Install FFmpeg	2026-01-28T08:11:01.3151263Z Get:95 http://azure.archive.ubuntu.com/ubuntu noble-updates/main amd64 libssh-4 amd64 0.10.6-2ubuntu0.2 [188 kB]
generate-and-upload	Install FFmpeg	2026-01-28T08:11:01.3430909Z Get:96 http://azure.archive.ubuntu.com/ubuntu noble-updates/universe amd64 mesa-va-drivers amd64 25.0.7-0ubuntu0.24.04.2 [5934 B]
generate-and-upload	Install FFmpeg	2026-01-28T08:11:01.3649103Z Get:97 http://azure.archive.ubuntu.com/ubuntu noble-updates/main amd64 mesa-vdpau-drivers amd64 25.0.7-0ubuntu0.24.04.2 [21.0 kB]
generate-and-upload	Install FFmpeg	2026-01-28T08:11:01.3877505Z Get:98 http://azure.archive.ubuntu.com/ubuntu noble/universe amd64 i965-va-driver amd64 2.4.1+dfsg1-1build2 [332 kB]
generate-and-upload	Install FFmpeg	2026-01-28T08:11:01.4121038Z Get:99 http://azure.archive.ubuntu.com/ubuntu noble/universe amd64 va-driver-all amd64 2.20.0-2build1 [4844 B]
generate-and-upload	Install FFmpeg	2026-01-28T08:11:01.4348309Z Get:100 http://azure.archive.ubuntu.com/ubuntu noble/main amd64 vdpau-driver-all amd64 1.5-2build1 [4414 B]
generate-and-upload	Install FFmpeg	2026-01-28T08:11:01.4610438Z Get:101 http://azure.archive.ubuntu.com/ubuntu noble/universe amd64 pocketsphinx-en-us all 0.8.0+real5prealpha+1-15ubuntu5 [27.4 MB]
generate-and-upload	Install FFmpeg	2026-01-28T08:11:02.2731735Z Fetched 94.3 MB in 4s (24.2 MB/s)
generate-and-upload	Install FFmpeg	2026-01-28T08:11:02.3349226Z Selecting previously unselected package libva2:amd64.
generate-and-upload	Install FFmpeg	2026-01-28T08:11:02.4158082Z (Reading database ... 
generate-and-upload	Install FFmpeg	2026-01-28T08:11:02.4159770Z (Reading database ... 5%
generate-and-upload	Install FFmpeg	2026-01-28T08:11:02.4160416Z (Reading database ... 10%
generate-and-upload	Install FFmpeg	2026-01-28T08:11:02.4160963Z (Reading database ... 15%
generate-and-upload	Install FFmpeg	2026-01-28T08:11:02.4161367Z (Reading database ... 20%
generate-and-upload	Install FFmpeg	2026-01-28T08:11:02.4161729Z (Reading database ... 25%
generate-and-upload	Install FFmpeg	2026-01-28T08:11:02.4162101Z (Reading database ... 30%
generate-and-upload	Install FFmpeg	2026-01-28T08:11:02.4162470Z (Reading database ... 35%
generate-and-upload	Install FFmpeg	2026-01-28T08:11:02.4162874Z (Reading database ... 40%
generate-and-upload	Install FFmpeg	2026-01-28T08:11:02.4163271Z (Reading database ... 45%
generate-and-upload	Install FFmpeg	2026-01-28T08:11:02.4163646Z (Reading database ... 50%
generate-and-upload	Install FFmpeg	2026-01-28T08:11:02.4831374Z (Reading database ... 55%
generate-and-upload	Install FFmpeg	2026-01-28T08:11:02.7618325Z (Reading database ... 60%
generate-and-upload	Install FFmpeg	2026-01-28T08:11:02.8717005Z (Reading database ... 65%
generate-and-upload	Install FFmpeg	2026-01-28T08:11:02.9654638Z (Reading database ... 70%
generate-and-upload	Install FFmpeg	2026-01-28T08:11:03.1257582Z (Reading database ... 75%
generate-and-upload	Install FFmpeg	2026-01-28T08:11:03.6328792Z (Reading database ... 80%
generate-and-upload	Install FFmpeg	2026-01-28T08:11:04.1987720Z (Reading database ... 85%
generate-and-upload	Install FFmpeg	2026-01-28T08:11:04.7764026Z (Reading database ... 90%
generate-and-upload	Install FFmpeg	2026-01-28T08:11:05.3019020Z (Reading database ... 95%
generate-and-upload	Install FFmpeg	2026-01-28T08:11:05.3019610Z (Reading database ... 100%
generate-and-upload	Install FFmpeg	2026-01-28T08:11:05.3020294Z (Reading database ... 217173 files and directories currently installed.)
generate-and-upload	Install FFmpeg	2026-01-28T08:11:05.3067983Z Preparing to unpack .../00-libva2_2.20.0-2build1_amd64.deb ...
generate-and-upload	Install FFmpeg	2026-01-28T08:11:05.3107294Z Unpacking libva2:amd64 (2.20.0-2build1) ...
generate-and-upload	Install FFmpeg	2026-01-28T08:11:05.3362094Z Selecting previously unselected package libva-drm2:amd64.
generate-and-upload	Install FFmpeg	2026-01-28T08:11:05.3500418Z Preparing to unpack .../01-libva-drm2_2.20.0-2build1_amd64.deb ...
generate-and-upload	Install FFmpeg	2026-01-28T08:11:05.3511744Z Unpacking libva-drm2:amd64 (2.20.0-2build1) ...
generate-and-upload	Install FFmpeg	2026-01-28T08:11:05.3788383Z Selecting previously unselected package libva-x11-2:amd64.
generate-and-upload	Install FFmpeg	2026-01-28T08:11:05.3924700Z Preparing to unpack .../02-libva-x11-2_2.20.0-2build1_amd64.deb ...
generate-and-upload	Install FFmpeg	2026-01-28T08:11:05.3935513Z Unpacking libva-x11-2:amd64 (2.20.0-2build1) ...
generate-and-upload	Install FFmpeg	2026-01-28T08:11:05.4182962Z Selecting previously unselected package libvdpau1:amd64.
generate-and-upload	Install FFmpeg	2026-01-28T08:11:05.4322073Z Preparing to unpack .../03-libvdpau1_1.5-2build1_amd64.deb ...
generate-and-upload	Install FFmpeg	2026-01-28T08:11:05.4333775Z Unpacking libvdpau1:amd64 (1.5-2build1) ...
generate-and-upload	Install FFmpeg	2026-01-28T08:11:05.4582572Z Selecting previously unselected package libvpl2.
generate-and-upload	Install FFmpeg	2026-01-28T08:11:05.4719768Z Preparing to unpack .../04-libvpl2_2023.3.0-1build1_amd64.deb ...
generate-and-upload	Install FFmpeg	2026-01-28T08:11:05.4729556Z Unpacking libvpl2 (2023.3.0-1build1) ...
generate-and-upload	Install FFmpeg	2026-01-28T08:11:05.4991708Z Selecting previously unselected package ocl-icd-libopencl1:amd64.
generate-and-upload	Install FFmpeg	2026-01-28T08:11:05.5131302Z Preparing to unpack .../05-ocl-icd-libopencl1_2.3.2-1build1_amd64.deb ...
generate-and-upload	Install FFmpeg	2026-01-28T08:11:05.5141193Z Unpacking ocl-icd-libopencl1:amd64 (2.3.2-1build1) ...
generate-and-upload	Install FFmpeg	2026-01-28T08:11:05.5507123Z Selecting previously unselected package libavutil58:amd64.
generate-and-upload	Install FFmpeg	2026-01-28T08:11:05.5650103Z Preparing to unpack .../06-libavutil58_7%3a6.1.1-3ubuntu5_amd64.deb ...
generate-and-upload	Install FFmpeg	2026-01-28T08:11:05.5661373Z Unpacking libavutil58:amd64 (7:6.1.1-3ubuntu5) ...
generate-and-upload	Install FFmpeg	2026-01-28T08:11:05.5948759Z Selecting previously unselected package libcodec2-1.2:amd64.
generate-and-upload	Install FFmpeg	2026-01-28T08:11:05.6084988Z Preparing to unpack .../07-libcodec2-1.2_1.2.0-2build1_amd64.deb ...
generate-and-upload	Install FFmpeg	2026-01-28T08:11:05.6094775Z Unpacking libcodec2-1.2:amd64 (1.2.0-2build1) ...
generate-and-upload	Install FFmpeg	2026-01-28T08:11:05.6959212Z Selecting previously unselected package libdav1d7:amd64.
generate-and-upload	Install FFmpeg	2026-01-28T08:11:05.7095613Z Preparing to unpack .../08-libdav1d7_1.4.1-1build1_amd64.deb ...
generate-and-upload	Install FFmpeg	2026-01-28T08:11:05.7108144Z Unpacking libdav1d7:amd64 (1.4.1-1build1) ...
generate-and-upload	Install FFmpeg	2026-01-28T08:11:05.7422100Z Selecting previously unselected package libgsm1:amd64.
generate-and-upload	Install FFmpeg	2026-01-28T08:11:05.7557524Z Preparing to unpack .../09-libgsm1_1.0.22-1build1_amd64.deb ...
generate-and-upload	Install FFmpeg	2026-01-28T08:11:05.7569501Z Unpacking libgsm1:amd64 (1.0.22-1build1) ...
generate-and-upload	Install FFmpeg	2026-01-28T08:11:05.7807847Z Selecting previously unselected package libhwy1t64:amd64.
generate-and-upload	Install FFmpeg	2026-01-28T08:11:05.7946362Z Preparing to unpack .../10-libhwy1t64_1.0.7-8.1build1_amd64.deb ...
generate-and-upload	Install FFmpeg	2026-01-28T08:11:05.7960230Z Unpacking libhwy1t64:amd64 (1.0.7-8.1build1) ...
generate-and-upload	Install FFmpeg	2026-01-28T08:11:05.8373662Z Selecting previously unselected package libjxl0.7:amd64.
generate-and-upload	Install FFmpeg	2026-01-28T08:11:05.8539777Z Preparing to unpack .../11-libjxl0.7_0.7.0-10.2ubuntu6.1_amd64.deb ...
generate-and-upload	Install FFmpeg	2026-01-28T08:11:05.8551111Z Unpacking libjxl0.7:amd64 (0.7.0-10.2ubuntu6.1) ...
generate-and-upload	Install FFmpeg	2026-01-28T08:11:05.8939018Z Selecting previously unselected package libmp3lame0:amd64.
generate-and-upload	Install FFmpeg	2026-01-28T08:11:05.9074231Z Preparing to unpack .../12-libmp3lame0_3.100-6build1_amd64.deb ...
generate-and-upload	Install FFmpeg	2026-01-28T08:11:05.9085336Z Unpacking libmp3lame0:amd64 (3.100-6build1) ...
generate-and-upload	Install FFmpeg	2026-01-28T08:11:05.9350474Z Selecting previously unselected package libopus0:amd64.
generate-and-upload	Install FFmpeg	2026-01-28T08:11:05.9489160Z Preparing to unpack .../13-libopus0_1.4-1build1_amd64.deb ...
generate-and-upload	Install FFmpeg	2026-01-28T08:11:05.9500157Z Unpacking libopus0:amd64 (1.4-1build1) ...
generate-and-upload	Install FFmpeg	2026-01-28T08:11:05.9758878Z Selecting previously unselected package librav1e0:amd64.
generate-and-upload	Install FFmpeg	2026-01-28T08:11:05.9896617Z Preparing to unpack .../14-librav1e0_0.7.1-2_amd64.deb ...
generate-and-upload	Install FFmpeg	2026-01-28T08:11:05.9908364Z Unpacking librav1e0:amd64 (0.7.1-2) ...
generate-and-upload	Install FFmpeg	2026-01-28T08:11:06.0303805Z Selecting previously unselected package librsvg2-2:amd64.
generate-and-upload	Install FFmpeg	2026-01-28T08:11:06.0442389Z Preparing to unpack .../15-librsvg2-2_2.58.0+dfsg-1build1_amd64.deb ...
generate-and-upload	Install FFmpeg	2026-01-28T08:11:06.0452979Z Unpacking librsvg2-2:amd64 (2.58.0+dfsg-1build1) ...
generate-and-upload	Install FFmpeg	2026-01-28T08:11:06.0987198Z Selecting previously unselected package libshine3:amd64.
generate-and-upload	Install FFmpeg	2026-01-28T08:11:06.1167665Z Preparing to unpack .../16-libshine3_3.1.1-2build1_amd64.deb ...
generate-and-upload	Install FFmpeg	2026-01-28T08:11:06.1196701Z Unpacking libshine3:amd64 (3.1.1-2build1) ...
generate-and-upload	Install FFmpeg	2026-01-28T08:11:06.1427999Z Selecting previously unselected package libspeex1:amd64.
generate-and-upload	Install FFmpeg	2026-01-28T08:11:06.1567736Z Preparing to unpack .../17-libspeex1_1.2.1-2ubuntu2.24.04.1_amd64.deb ...
generate-and-upload	Install FFmpeg	2026-01-28T08:11:06.1577924Z Unpacking libspeex1:amd64 (1.2.1-2ubuntu2.24.04.1) ...
generate-and-upload	Install FFmpeg	2026-01-28T08:11:06.1817349Z Selecting previously unselected package libsvtav1enc1d1:amd64.
generate-and-upload	Install FFmpeg	2026-01-28T08:11:06.1954746Z Preparing to unpack .../18-libsvtav1enc1d1_1.7.0+dfsg-2build1_amd64.deb ...
generate-and-upload	Install FFmpeg	2026-01-28T08:11:06.1964699Z Unpacking libsvtav1enc1d1:amd64 (1.7.0+dfsg-2build1) ...
generate-and-upload	Install FFmpeg	2026-01-28T08:11:06.2521358Z Selecting previously unselected package libsoxr0:amd64.
generate-and-upload	Install FFmpeg	2026-01-28T08:11:06.2659152Z Preparing to unpack .../19-libsoxr0_0.1.3-4build3_amd64.deb ...
generate-and-upload	Install FFmpeg	2026-01-28T08:11:06.2669191Z Unpacking libsoxr0:amd64 (0.1.3-4build3) ...
generate-and-upload	Install FFmpeg	2026-01-28T08:11:06.2911815Z Selecting previously unselected package libswresample4:amd64.
generate-and-upload	Install FFmpeg	2026-01-28T08:11:06.3047436Z Preparing to unpack .../20-libswresample4_7%3a6.1.1-3ubuntu5_amd64.deb ...
generate-and-upload	Install FFmpeg	2026-01-28T08:11:06.3059592Z Unpacking libswresample4:amd64 (7:6.1.1-3ubuntu5) ...
generate-and-upload	Install FFmpeg	2026-01-28T08:11:06.3306912Z Selecting previously unselected package libtheora0:amd64.
generate-and-upload	Install FFmpeg	2026-01-28T08:11:06.3449278Z Preparing to unpack .../21-libtheora0_1.1.1+dfsg.1-16.1build3_amd64.deb ...
generate-and-upload	Install FFmpeg	2026-01-28T08:11:06.3460553Z Unpacking libtheora0:amd64 (1.1.1+dfsg.1-16.1build3) ...
generate-and-upload	Install FFmpeg	2026-01-28T08:11:06.3748654Z Selecting previously unselected package libtwolame0:amd64.
generate-and-upload	Install FFmpeg	2026-01-28T08:11:06.3896448Z Preparing to unpack .../22-libtwolame0_0.4.0-2build3_amd64.deb ...
generate-and-upload	Install FFmpeg	2026-01-28T08:11:06.3908880Z Unpacking libtwolame0:amd64 (0.4.0-2build3) ...
generate-and-upload	Install FFmpeg	2026-01-28T08:11:06.4153650Z Selecting previously unselected package libvorbisenc2:amd64.
generate-and-upload	Install FFmpeg	2026-01-28T08:11:06.4291530Z Preparing to unpack .../23-libvorbisenc2_1.3.7-1build3_amd64.deb ...
generate-and-upload	Install FFmpeg	2026-01-28T08:11:06.4303302Z Unpacking libvorbisenc2:amd64 (1.3.7-1build3) ...
generate-and-upload	Install FFmpeg	2026-01-28T08:11:06.4564291Z Selecting previously unselected package libvpx9:amd64.
generate-and-upload	Install FFmpeg	2026-01-28T08:11:06.4702665Z Preparing to unpack .../24-libvpx9_1.14.0-1ubuntu2.2_amd64.deb ...
generate-and-upload	Install FFmpeg	2026-01-28T08:11:06.4714504Z Unpacking libvpx9:amd64 (1.14.0-1ubuntu2.2) ...
generate-and-upload	Install FFmpeg	2026-01-28T08:11:06.5097437Z Selecting previously unselected package libx264-164:amd64.
generate-and-upload	Install FFmpeg	2026-01-28T08:11:06.5238295Z Preparing to unpack .../25-libx264-164_2%3a0.164.3108+git31e19f9-1_amd64.deb ...
generate-and-upload	Install FFmpeg	2026-01-28T08:11:06.5249219Z Unpacking libx264-164:amd64 (2:0.164.3108+git31e19f9-1) ...
generate-and-upload	Install FFmpeg	2026-01-28T08:11:06.5573523Z Selecting previously unselected package libx265-199:amd64.
generate-and-upload	Install FFmpeg	2026-01-28T08:11:06.5711497Z Preparing to unpack .../26-libx265-199_3.5-2build1_amd64.deb ...
generate-and-upload	Install FFmpeg	2026-01-28T08:11:06.5722472Z Unpacking libx265-199:amd64 (3.5-2build1) ...
generate-and-upload	Install FFmpeg	2026-01-28T08:11:06.6503985Z Selecting previously unselected package libxvidcore4:amd64.
generate-and-upload	Install FFmpeg	2026-01-28T08:11:06.6634626Z Preparing to unpack .../27-libxvidcore4_2%3a1.3.7-1build1_amd64.deb ...
generate-and-upload	Install FFmpeg	2026-01-28T08:11:06.6645496Z Unpacking libxvidcore4:amd64 (2:1.3.7-1build1) ...
generate-and-upload	Install FFmpeg	2026-01-28T08:11:06.6917676Z Selecting previously unselected package libzvbi-common.
generate-and-upload	Install FFmpeg	2026-01-28T08:11:06.7055218Z Preparing to unpack .../28-libzvbi-common_0.2.42-2_all.deb ...
generate-and-upload	Install FFmpeg	2026-01-28T08:11:06.7065106Z Unpacking libzvbi-common (0.2.42-2) ...
generate-and-upload	Install FFmpeg	2026-01-28T08:11:06.7556982Z Selecting previously unselected package libzvbi0t64:amd64.
generate-and-upload	Install FFmpeg	2026-01-28T08:11:06.7692347Z Preparing to unpack .../29-libzvbi0t64_0.2.42-2_amd64.deb ...
generate-and-upload	Install FFmpeg	2026-01-28T08:11:06.7705742Z Unpacking libzvbi0t64:amd64 (0.2.42-2) ...
generate-and-upload	Install FFmpeg	2026-01-28T08:11:06.7990426Z Selecting previously unselected package libavcodec60:amd64.
generate-and-upload	Install FFmpeg	2026-01-28T08:11:06.8126239Z Preparing to unpack .../30-libavcodec60_7%3a6.1.1-3ubuntu5_amd64.deb ...
generate-and-upload	Install FFmpeg	2026-01-28T08:11:06.8140684Z Unpacking libavcodec60:amd64 (7:6.1.1-3ubuntu5) ...
generate-and-upload	Install FFmpeg	2026-01-28T08:11:06.9087992Z Selecting previously unselected package libraw1394-11:amd64.
generate-and-upload	Install FFmpeg	2026-01-28T08:11:06.9223962Z Preparing to unpack .../31-libraw1394-11_2.1.2-2build3_amd64.deb ...
generate-and-upload	Install FFmpeg	2026-01-28T08:11:06.9236475Z Unpacking libraw1394-11:amd64 (2.1.2-2build3) ...
generate-and-upload	Install FFmpeg	2026-01-28T08:11:06.9467605Z Selecting previously unselected package libavc1394-0:amd64.
generate-and-upload	Install FFmpeg	2026-01-28T08:11:06.9604010Z Preparing to unpack .../32-libavc1394-0_0.5.4-5build3_amd64.deb ...
generate-and-upload	Install FFmpeg	2026-01-28T08:11:06.9618116Z Unpacking libavc1394-0:amd64 (0.5.4-5build3) ...
generate-and-upload	Install FFmpeg	2026-01-28T08:11:06.9859617Z Selecting previously unselected package libunibreak5:amd64.
generate-and-upload	Install FFmpeg	2026-01-28T08:11:06.9999379Z Preparing to unpack .../33-libunibreak5_5.1-2build1_amd64.deb ...
generate-and-upload	Install FFmpeg	2026-01-28T08:11:07.0015165Z Unpacking libunibreak5:amd64 (5.1-2build1) ...
generate-and-upload	Install FFmpeg	2026-01-28T08:11:07.0265234Z Selecting previously unselected package libass9:amd64.
generate-and-upload	Install FFmpeg	2026-01-28T08:11:07.0402406Z Preparing to unpack .../34-libass9_1%3a0.17.1-2build1_amd64.deb ...
generate-and-upload	Install FFmpeg	2026-01-28T08:11:07.0414025Z Unpacking libass9:amd64 (1:0.17.1-2build1) ...
generate-and-upload	Install FFmpeg	2026-01-28T08:11:07.0662482Z Selecting previously unselected package libudfread0:amd64.
generate-and-upload	Install FFmpeg	2026-01-28T08:11:07.0800184Z Preparing to unpack .../35-libudfread0_1.1.2-1build1_amd64.deb ...
generate-and-upload	Install FFmpeg	2026-01-28T08:11:07.0812703Z Unpacking libudfread0:amd64 (1.1.2-1build1) ...
generate-and-upload	Install FFmpeg	2026-01-28T08:11:07.1047656Z Selecting previously unselected package libbluray2:amd64.
generate-and-upload	Install FFmpeg	2026-01-28T08:11:07.1185480Z Preparing to unpack .../36-libbluray2_1%3a1.3.4-1build1_amd64.deb ...
generate-and-upload	Install FFmpeg	2026-01-28T08:11:07.1197072Z Unpacking libbluray2:amd64 (1:1.3.4-1build1) ...
generate-and-upload	Install FFmpeg	2026-01-28T08:11:07.1500524Z Selecting previously unselected package libchromaprint1:amd64.
generate-and-upload	Install FFmpeg	2026-01-28T08:11:07.1647334Z Preparing to unpack .../37-libchromaprint1_1.5.1-5_amd64.deb ...
generate-and-upload	Install FFmpeg	2026-01-28T08:11:07.1658651Z Unpacking libchromaprint1:amd64 (1.5.1-5) ...
generate-and-upload	Install FFmpeg	2026-01-28T08:11:07.1896052Z Selecting previously unselected package libgme0:amd64.
generate-and-upload	Install FFmpeg	2026-01-28T08:11:07.2033167Z Preparing to unpack .../38-libgme0_0.6.3-7build1_amd64.deb ...
generate-and-upload	Install FFmpeg	2026-01-28T08:11:07.2047407Z Unpacking libgme0:amd64 (0.6.3-7build1) ...
generate-and-upload	Install FFmpeg	2026-01-28T08:11:07.2307096Z Selecting previously unselected package libmpg123-0t64:amd64.
generate-and-upload	Install FFmpeg	2026-01-28T08:11:07.2445379Z Preparing to unpack .../39-libmpg123-0t64_1.32.5-1ubuntu1.1_amd64.deb ...
generate-and-upload	Install FFmpeg	2026-01-28T08:11:07.2460912Z Unpacking libmpg123-0t64:amd64 (1.32.5-1ubuntu1.1) ...
generate-and-upload	Install FFmpeg	2026-01-28T08:11:07.2718920Z Selecting previously unselected package libopenmpt0t64:amd64.
generate-and-upload	Install FFmpeg	2026-01-28T08:11:07.2855456Z Preparing to unpack .../40-libopenmpt0t64_0.7.3-1.1build3_amd64.deb ...
generate-and-upload	Install FFmpeg	2026-01-28T08:11:07.2867430Z Unpacking libopenmpt0t64:amd64 (0.7.3-1.1build3) ...
generate-and-upload	Install FFmpeg	2026-01-28T08:11:07.3183811Z Selecting previously unselected package libcjson1:amd64.
generate-and-upload	Install FFmpeg	2026-01-28T08:11:07.3321617Z Preparing to unpack .../41-libcjson1_1.7.17-1_amd64.deb ...
generate-and-upload	Install FFmpeg	2026-01-28T08:11:07.3338647Z Unpacking libcjson1:amd64 (1.7.17-1) ...
generate-and-upload	Install FFmpeg	2026-01-28T08:11:07.3591881Z Selecting previously unselected package libmbedcrypto7t64:amd64.
generate-and-upload	Install FFmpeg	2026-01-28T08:11:07.3730568Z Preparing to unpack .../42-libmbedcrypto7t64_2.28.8-1_amd64.deb ...
generate-and-upload	Install FFmpeg	2026-01-28T08:11:07.3740730Z Unpacking libmbedcrypto7t64:amd64 (2.28.8-1) ...
generate-and-upload	Install FFmpeg	2026-01-28T08:11:07.4013520Z Selecting previously unselected package librist4:amd64.
generate-and-upload	Install FFmpeg	2026-01-28T08:11:07.4152866Z Preparing to unpack .../43-librist4_0.2.10+dfsg-2_amd64.deb ...
generate-and-upload	Install FFmpeg	2026-01-28T08:11:07.4165643Z Unpacking librist4:amd64 (0.2.10+dfsg-2) ...
generate-and-upload	Install FFmpeg	2026-01-28T08:11:07.4406225Z Selecting previously unselected package libsrt1.5-gnutls:amd64.
generate-and-upload	Install FFmpeg	2026-01-28T08:11:07.4544657Z Preparing to unpack .../44-libsrt1.5-gnutls_1.5.3-1build2_amd64.deb ...
generate-and-upload	Install FFmpeg	2026-01-28T08:11:07.4556681Z Unpacking libsrt1.5-gnutls:amd64 (1.5.3-1build2) ...
generate-and-upload	Install FFmpeg	2026-01-28T08:11:07.4849534Z Selecting previously unselected package libssh-gcrypt-4:amd64.
generate-and-upload	Install FFmpeg	2026-01-28T08:11:07.4989508Z Preparing to unpack .../45-libssh-gcrypt-4_0.10.6-2ubuntu0.2_amd64.deb ...
generate-and-upload	Install FFmpeg	2026-01-28T08:11:07.4998275Z Unpacking libssh-gcrypt-4:amd64 (0.10.6-2ubuntu0.2) ...
generate-and-upload	Install FFmpeg	2026-01-28T08:11:07.5267604Z Selecting previously unselected package libavformat60:amd64.
generate-and-upload	Install FFmpeg	2026-01-28T08:11:07.5403771Z Preparing to unpack .../46-libavformat60_7%3a6.1.1-3ubuntu5_amd64.deb ...
generate-and-upload	Install FFmpeg	2026-01-28T08:11:07.5415970Z Unpacking libavformat60:amd64 (7:6.1.1-3ubuntu5) ...
generate-and-upload	Install FFmpeg	2026-01-28T08:11:07.5789787Z Selecting previously unselected package libbs2b0:amd64.
generate-and-upload	Install FFmpeg	2026-01-28T08:11:07.5926365Z Preparing to unpack .../47-libbs2b0_3.1.0+dfsg-7build1_amd64.deb ...
generate-and-upload	Install FFmpeg	2026-01-28T08:11:07.5941404Z Unpacking libbs2b0:amd64 (3.1.0+dfsg-7build1) ...
generate-and-upload	Install FFmpeg	2026-01-28T08:11:07.6217410Z Selecting previously unselected package libflite1:amd64.
generate-and-upload	Install FFmpeg	2026-01-28T08:11:07.6355315Z Preparing to unpack .../48-libflite1_2.2-6build3_amd64.deb ...
generate-and-upload	Install FFmpeg	2026-01-28T08:11:07.6368099Z Unpacking libflite1:amd64 (2.2-6build3) ...
generate-and-upload	Install FFmpeg	2026-01-28T08:11:07.7685531Z Selecting previously unselected package libserd-0-0:amd64.
generate-and-upload	Install FFmpeg	2026-01-28T08:11:07.7824036Z Preparing to unpack .../49-libserd-0-0_0.32.2-1_amd64.deb ...
generate-and-upload	Install FFmpeg	2026-01-28T08:11:07.7833146Z Unpacking libserd-0-0:amd64 (0.32.2-1) ...
generate-and-upload	Install FFmpeg	2026-01-28T08:11:07.8180137Z Selecting previously unselected package libzix-0-0:amd64.
generate-and-upload	Install FFmpeg	2026-01-28T08:11:07.8318235Z Preparing to unpack .../50-libzix-0-0_0.4.2-2build1_amd64.deb ...
generate-and-upload	Install FFmpeg	2026-01-28T08:11:07.8328027Z Unpacking libzix-0-0:amd64 (0.4.2-2build1) ...
generate-and-upload	Install FFmpeg	2026-01-28T08:11:07.8566561Z Selecting previously unselected package libsord-0-0:amd64.
generate-and-upload	Install FFmpeg	2026-01-28T08:11:07.8719574Z Preparing to unpack .../51-libsord-0-0_0.16.16-2build1_amd64.deb ...
generate-and-upload	Install FFmpeg	2026-01-28T08:11:07.8733435Z Unpacking libsord-0-0:amd64 (0.16.16-2build1) ...
generate-and-upload	Install FFmpeg	2026-01-28T08:11:07.8969826Z Selecting previously unselected package libsratom-0-0:amd64.
generate-and-upload	Install FFmpeg	2026-01-28T08:11:07.9111429Z Preparing to unpack .../52-libsratom-0-0_0.6.16-1build1_amd64.deb ...
generate-and-upload	Install FFmpeg	2026-01-28T08:11:07.9124799Z Unpacking libsratom-0-0:amd64 (0.6.16-1build1) ...
generate-and-upload	Install FFmpeg	2026-01-28T08:11:07.9362306Z Selecting previously unselected package liblilv-0-0:amd64.
generate-and-upload	Install FFmpeg	2026-01-28T08:11:07.9497492Z Preparing to unpack .../53-liblilv-0-0_0.24.22-1build1_amd64.deb ...
generate-and-upload	Install FFmpeg	2026-01-28T08:11:07.9510100Z Unpacking liblilv-0-0:amd64 (0.24.22-1build1) ...
generate-and-upload	Install FFmpeg	2026-01-28T08:11:07.9754141Z Selecting previously unselected package libmysofa1:amd64.
generate-and-upload	Install FFmpeg	2026-01-28T08:11:07.9891401Z Preparing to unpack .../54-libmysofa1_1.3.2+dfsg-2ubuntu2_amd64.deb ...
generate-and-upload	Install FFmpeg	2026-01-28T08:11:07.9904260Z Unpacking libmysofa1:amd64 (1.3.2+dfsg-2ubuntu2) ...
generate-and-upload	Install FFmpeg	2026-01-28T08:11:08.0209950Z Selecting previously unselected package libplacebo338:amd64.
generate-and-upload	Install FFmpeg	2026-01-28T08:11:08.0346764Z Preparing to unpack .../55-libplacebo338_6.338.2-2build1_amd64.deb ...
generate-and-upload	Install FFmpeg	2026-01-28T08:11:08.0358029Z Unpacking libplacebo338:amd64 (6.338.2-2build1) ...
generate-and-upload	Install FFmpeg	2026-01-28T08:11:08.1009593Z Selecting previously unselected package libblas3:amd64.
generate-and-upload	Install FFmpeg	2026-01-28T08:11:08.1144610Z Preparing to unpack .../56-libblas3_3.12.0-3build1.1_amd64.deb ...
generate-and-upload	Install FFmpeg	2026-01-28T08:11:08.1180740Z Unpacking libblas3:amd64 (3.12.0-3build1.1) ...
generate-and-upload	Install FFmpeg	2026-01-28T08:11:08.1459644Z Selecting previously unselected package liblapack3:amd64.
generate-and-upload	Install FFmpeg	2026-01-28T08:11:08.1595690Z Preparing to unpack .../57-liblapack3_3.12.0-3build1.1_amd64.deb ...
generate-and-upload	Install FFmpeg	2026-01-28T08:11:08.1633471Z Unpacking liblapack3:amd64 (3.12.0-3build1.1) ...
generate-and-upload	Install FFmpeg	2026-01-28T08:11:08.2200211Z Selecting previously unselected package libasyncns0:amd64.
generate-and-upload	Install FFmpeg	2026-01-28T08:11:08.2336551Z Preparing to unpack .../58-libasyncns0_0.8-6build4_amd64.deb ...
generate-and-upload	Install FFmpeg	2026-01-28T08:11:08.2346915Z Unpacking libasyncns0:amd64 (0.8-6build4) ...
generate-and-upload	Install FFmpeg	2026-01-28T08:11:08.2582659Z Selecting previously unselected package libflac12t64:amd64.
generate-and-upload	Install FFmpeg	2026-01-28T08:11:08.2719282Z Preparing to unpack .../59-libflac12t64_1.4.3+ds-2.1ubuntu2_amd64.deb ...
generate-and-upload	Install FFmpeg	2026-01-28T08:11:08.2732439Z Unpacking libflac12t64:amd64 (1.4.3+ds-2.1ubuntu2) ...
generate-and-upload	Install FFmpeg	2026-01-28T08:11:08.3003131Z Selecting previously unselected package libsndfile1:amd64.
generate-and-upload	Install FFmpeg	2026-01-28T08:11:08.3140011Z Preparing to unpack .../60-libsndfile1_1.2.2-1ubuntu5.24.04.1_amd64.deb ...
generate-and-upload	Install FFmpeg	2026-01-28T08:11:08.3152305Z Unpacking libsndfile1:amd64 (1.2.2-1ubuntu5.24.04.1) ...
generate-and-upload	Install FFmpeg	2026-01-28T08:11:08.3465251Z Selecting previously unselected package libpulse0:amd64.
generate-and-upload	Install FFmpeg	2026-01-28T08:11:08.3606632Z Preparing to unpack .../61-libpulse0_1%3a16.1+dfsg1-2ubuntu10.1_amd64.deb ...
generate-and-upload	Install FFmpeg	2026-01-28T08:11:08.3727245Z Unpacking libpulse0:amd64 (1:16.1+dfsg1-2ubuntu10.1) ...
generate-and-upload	Install FFmpeg	2026-01-28T08:11:08.4019792Z Selecting previously unselected package libsphinxbase3t64:amd64.
generate-and-upload	Install FFmpeg	2026-01-28T08:11:08.4157139Z Preparing to unpack .../62-libsphinxbase3t64_0.8+5prealpha+1-17build2_amd64.deb ...
generate-and-upload	Install FFmpeg	2026-01-28T08:11:08.4168377Z Unpacking libsphinxbase3t64:amd64 (0.8+5prealpha+1-17build2) ...
generate-and-upload	Install FFmpeg	2026-01-28T08:11:08.4408014Z Selecting previously unselected package libpocketsphinx3:amd64.
generate-and-upload	Install FFmpeg	2026-01-28T08:11:08.4544275Z Preparing to unpack .../63-libpocketsphinx3_0.8.0+real5prealpha+1-15ubuntu5_amd64.deb ...
generate-and-upload	Install FFmpeg	2026-01-28T08:11:08.4553107Z Unpacking libpocketsphinx3:amd64 (0.8.0+real5prealpha+1-15ubuntu5) ...
generate-and-upload	Install FFmpeg	2026-01-28T08:11:08.4793093Z Selecting previously unselected package libpostproc57:amd64.
generate-and-upload	Install FFmpeg	2026-01-28T08:11:08.4931260Z Preparing to unpack .../64-libpostproc57_7%3a6.1.1-3ubuntu5_amd64.deb ...
generate-and-upload	Install FFmpeg	2026-01-28T08:11:08.4940600Z Unpacking libpostproc57:amd64 (7:6.1.1-3ubuntu5) ...
generate-and-upload	Install FFmpeg	2026-01-28T08:11:08.5173127Z Selecting previously unselected package libsamplerate0:amd64.
generate-and-upload	Install FFmpeg	2026-01-28T08:11:08.5311224Z Preparing to unpack .../65-libsamplerate0_0.2.2-4build1_amd64.deb ...
generate-and-upload	Install FFmpeg	2026-01-28T08:11:08.5319321Z Unpacking libsamplerate0:amd64 (0.2.2-4build1) ...
generate-and-upload	Install FFmpeg	2026-01-28T08:11:08.5602884Z Selecting previously unselected package librubberband2:amd64.
generate-and-upload	Install FFmpeg	2026-01-28T08:11:08.5741007Z Preparing to unpack .../66-librubberband2_3.3.0+dfsg-2build1_amd64.deb ...
generate-and-upload	Install FFmpeg	2026-01-28T08:11:08.5749082Z Unpacking librubberband2:amd64 (3.3.0+dfsg-2build1) ...
generate-and-upload	Install FFmpeg	2026-01-28T08:11:08.6008080Z Selecting previously unselected package libswscale7:amd64.
generate-and-upload	Install FFmpeg	2026-01-28T08:11:08.6145871Z Preparing to unpack .../67-libswscale7_7%3a6.1.1-3ubuntu5_amd64.deb ...
generate-and-upload	Install FFmpeg	2026-01-28T08:11:08.6153343Z Unpacking libswscale7:amd64 (7:6.1.1-3ubuntu5) ...
generate-and-upload	Install FFmpeg	2026-01-28T08:11:08.6397950Z Selecting previously unselected package libvidstab1.1:amd64.
generate-and-upload	Install FFmpeg	2026-01-28T08:11:08.6535358Z Preparing to unpack .../68-libvidstab1.1_1.1.0-2build1_amd64.deb ...
generate-and-upload	Install FFmpeg	2026-01-28T08:11:08.6544134Z Unpacking libvidstab1.1:amd64 (1.1.0-2build1) ...
generate-and-upload	Install FFmpeg	2026-01-28T08:11:08.6768028Z Selecting previously unselected package libzimg2:amd64.
generate-and-upload	Install FFmpeg	2026-01-28T08:11:08.6903482Z Preparing to unpack .../69-libzimg2_3.0.5+ds1-1build1_amd64.deb ...
generate-and-upload	Install FFmpeg	2026-01-28T08:11:08.6911669Z Unpacking libzimg2:amd64 (3.0.5+ds1-1build1) ...
generate-and-upload	Install FFmpeg	2026-01-28T08:11:08.7163854Z Selecting previously unselected package libavfilter9:amd64.
generate-and-upload	Install FFmpeg	2026-01-28T08:11:08.7301927Z Preparing to unpack .../70-libavfilter9_7%3a6.1.1-3ubuntu5_amd64.deb ...
generate-and-upload	Install FFmpeg	2026-01-28T08:11:08.7310060Z Unpacking libavfilter9:amd64 (7:6.1.1-3ubuntu5) ...
generate-and-upload	Install FFmpeg	2026-01-28T08:11:08.8090233Z Selecting previously unselected package libcaca0:amd64.
generate-and-upload	Install FFmpeg	2026-01-28T08:11:08.8227263Z Preparing to unpack .../71-libcaca0_0.99.beta20-4ubuntu0.1_amd64.deb ...
generate-and-upload	Install FFmpeg	2026-01-28T08:11:08.8239109Z Unpacking libcaca0:amd64 (0.99.beta20-4ubuntu0.1) ...
generate-and-upload	Install FFmpeg	2026-01-28T08:11:08.8518165Z Selecting previously unselected package libcdio19t64:amd64.
generate-and-upload	Install FFmpeg	2026-01-28T08:11:08.8655573Z Preparing to unpack .../72-libcdio19t64_2.1.0-4.1ubuntu1.2_amd64.deb ...
generate-and-upload	Install FFmpeg	2026-01-28T08:11:08.8665100Z Unpacking libcdio19t64:amd64 (2.1.0-4.1ubuntu1.2) ...
generate-and-upload	Install FFmpeg	2026-01-28T08:11:08.8891023Z Selecting previously unselected package libcdio-cdda2t64:amd64.
generate-and-upload	Install FFmpeg	2026-01-28T08:11:08.9027508Z Preparing to unpack .../73-libcdio-cdda2t64_10.2+2.0.1-1.1build2_amd64.deb ...
generate-and-upload	Install FFmpeg	2026-01-28T08:11:08.9037603Z Unpacking libcdio-cdda2t64:amd64 (10.2+2.0.1-1.1build2) ...
generate-and-upload	Install FFmpeg	2026-01-28T08:11:08.9266279Z Selecting previously unselected package libcdio-paranoia2t64:amd64.
generate-and-upload	Install FFmpeg	2026-01-28T08:11:08.9401972Z Preparing to unpack .../74-libcdio-paranoia2t64_10.2+2.0.1-1.1build2_amd64.deb ...
generate-and-upload	Install FFmpeg	2026-01-28T08:11:08.9411241Z Unpacking libcdio-paranoia2t64:amd64 (10.2+2.0.1-1.1build2) ...
generate-and-upload	Install FFmpeg	2026-01-28T08:11:08.9634928Z Selecting previously unselected package libdc1394-25:amd64.
generate-and-upload	Install FFmpeg	2026-01-28T08:11:08.9773403Z Preparing to unpack .../75-libdc1394-25_2.2.6-4build1_amd64.deb ...
generate-and-upload	Install FFmpeg	2026-01-28T08:11:08.9787961Z Unpacking libdc1394-25:amd64 (2.2.6-4build1) ...
generate-and-upload	Install FFmpeg	2026-01-28T08:11:09.0017064Z Selecting previously unselected package libiec61883-0:amd64.
generate-and-upload	Install FFmpeg	2026-01-28T08:11:09.0154122Z Preparing to unpack .../76-libiec61883-0_1.2.0-6build1_amd64.deb ...
generate-and-upload	Install FFmpeg	2026-01-28T08:11:09.0163982Z Unpacking libiec61883-0:amd64 (1.2.0-6build1) ...
generate-and-upload	Install FFmpeg	2026-01-28T08:11:09.0397933Z Selecting previously unselected package libjack-jackd2-0:amd64.
generate-and-upload	Install FFmpeg	2026-01-28T08:11:09.0539381Z Preparing to unpack .../77-libjack-jackd2-0_1.9.21~dfsg-3ubuntu3_amd64.deb ...
generate-and-upload	Install FFmpeg	2026-01-28T08:11:09.0548703Z Unpacking libjack-jackd2-0:amd64 (1.9.21~dfsg-3ubuntu3) ...
generate-and-upload	Install FFmpeg	2026-01-28T08:11:09.0818904Z Selecting previously unselected package libopenal-data.
generate-and-upload	Install FFmpeg	2026-01-28T08:11:09.0958273Z Preparing to unpack .../78-libopenal-data_1%3a1.23.1-4build1_all.deb ...
generate-and-upload	Install FFmpeg	2026-01-28T08:11:09.0965394Z Unpacking libopenal-data (1:1.23.1-4build1) ...
generate-and-upload	Install FFmpeg	2026-01-28T08:11:09.1214154Z Selecting previously unselected package libsndio7.0:amd64.
generate-and-upload	Install FFmpeg	2026-01-28T08:11:09.1351211Z Preparing to unpack .../79-libsndio7.0_1.9.0-0.3build3_amd64.deb ...
generate-and-upload	Install FFmpeg	2026-01-28T08:11:09.1360538Z Unpacking libsndio7.0:amd64 (1.9.0-0.3build3) ...
generate-and-upload	Install FFmpeg	2026-01-28T08:11:09.1593825Z Selecting previously unselected package libopenal1:amd64.
generate-and-upload	Install FFmpeg	2026-01-28T08:11:09.1731833Z Preparing to unpack .../80-libopenal1_1%3a1.23.1-4build1_amd64.deb ...
generate-and-upload	Install FFmpeg	2026-01-28T08:11:09.1740254Z Unpacking libopenal1:amd64 (1:1.23.1-4build1) ...
generate-and-upload	Install FFmpeg	2026-01-28T08:11:09.2025496Z Selecting previously unselected package libdecor-0-0:amd64.
generate-and-upload	Install FFmpeg	2026-01-28T08:11:09.2177047Z Preparing to unpack .../81-libdecor-0-0_0.2.2-1build2_amd64.deb ...
generate-and-upload	Install FFmpeg	2026-01-28T08:11:09.2186851Z Unpacking libdecor-0-0:amd64 (0.2.2-1build2) ...
generate-and-upload	Install FFmpeg	2026-01-28T08:11:09.2410166Z Selecting previously unselected package libsdl2-2.0-0:amd64.
generate-and-upload	Install FFmpeg	2026-01-28T08:11:09.2549990Z Preparing to unpack .../82-libsdl2-2.0-0_2.30.0+dfsg-1ubuntu3.1_amd64.deb ...
generate-and-upload	Install FFmpeg	2026-01-28T08:11:09.2557812Z Unpacking libsdl2-2.0-0:amd64 (2.30.0+dfsg-1ubuntu3.1) ...
generate-and-upload	Install FFmpeg	2026-01-28T08:11:09.3014016Z Selecting previously unselected package libxcb-shape0:amd64.
generate-and-upload	Install FFmpeg	2026-01-28T08:11:09.3150611Z Preparing to unpack .../83-libxcb-shape0_1.15-1ubuntu2_amd64.deb ...
generate-and-upload	Install FFmpeg	2026-01-28T08:11:09.3156723Z Unpacking libxcb-shape0:amd64 (1.15-1ubuntu2) ...
generate-and-upload	Install FFmpeg	2026-01-28T08:11:09.3370600Z Selecting previously unselected package libxv1:amd64.
generate-and-upload	Install FFmpeg	2026-01-28T08:11:09.3507929Z Preparing to unpack .../84-libxv1_2%3a1.0.11-1.1build1_amd64.deb ...
generate-and-upload	Install FFmpeg	2026-01-28T08:11:09.3514554Z Unpacking libxv1:amd64 (2:1.0.11-1.1build1) ...
generate-and-upload	Install FFmpeg	2026-01-28T08:11:09.3723314Z Selecting previously unselected package libavdevice60:amd64.
generate-and-upload	Install FFmpeg	2026-01-28T08:11:09.3859543Z Preparing to unpack .../85-libavdevice60_7%3a6.1.1-3ubuntu5_amd64.deb ...
generate-and-upload	Install FFmpeg	2026-01-28T08:11:09.3868294Z Unpacking libavdevice60:amd64 (7:6.1.1-3ubuntu5) ...
generate-and-upload	Install FFmpeg	2026-01-28T08:11:09.4087157Z Selecting previously unselected package ffmpeg.
generate-and-upload	Install FFmpeg	2026-01-28T08:11:09.4225600Z Preparing to unpack .../86-ffmpeg_7%3a6.1.1-3ubuntu5_amd64.deb ...
generate-and-upload	Install FFmpeg	2026-01-28T08:11:09.4239060Z Unpacking ffmpeg (7:6.1.1-3ubuntu5) ...
generate-and-upload	Install FFmpeg	2026-01-28T08:11:09.5259731Z Selecting previously unselected package libigdgmm12:amd64.
generate-and-upload	Install FFmpeg	2026-01-28T08:11:09.5393364Z Preparing to unpack .../87-libigdgmm12_22.3.17+ds1-1_amd64.deb ...
generate-and-upload	Install FFmpeg	2026-01-28T08:11:09.5401135Z Unpacking libigdgmm12:amd64 (22.3.17+ds1-1) ...
generate-and-upload	Install FFmpeg	2026-01-28T08:11:09.5640212Z Selecting previously unselected package intel-media-va-driver:amd64.
generate-and-upload	Install FFmpeg	2026-01-28T08:11:09.5779228Z Preparing to unpack .../88-intel-media-va-driver_24.1.0+dfsg1-1ubuntu0.1_amd64.deb ...
generate-and-upload	Install FFmpeg	2026-01-28T08:11:09.5785471Z Unpacking intel-media-va-driver:amd64 (24.1.0+dfsg1-1ubuntu0.1) ...
generate-and-upload	Install FFmpeg	2026-01-28T08:11:09.6576261Z Selecting previously unselected package libaacs0:amd64.
generate-and-upload	Install FFmpeg	2026-01-28T08:11:09.6713357Z Preparing to unpack .../89-libaacs0_0.11.1-2build1_amd64.deb ...
generate-and-upload	Install FFmpeg	2026-01-28T08:11:09.6723837Z Unpacking libaacs0:amd64 (0.11.1-2build1) ...
generate-and-upload	Install FFmpeg	2026-01-28T08:11:09.6954453Z Selecting previously unselected package libbdplus0:amd64.
generate-and-upload	Install FFmpeg	2026-01-28T08:11:09.7091842Z Preparing to unpack .../90-libbdplus0_0.2.0-3build1_amd64.deb ...
generate-and-upload	Install FFmpeg	2026-01-28T08:11:09.7102641Z Unpacking libbdplus0:amd64 (0.2.0-3build1) ...
generate-and-upload	Install FFmpeg	2026-01-28T08:11:09.7316803Z Selecting previously unselected package libdecor-0-plugin-1-gtk:amd64.
generate-and-upload	Install FFmpeg	2026-01-28T08:11:09.7454460Z Preparing to unpack .../91-libdecor-0-plugin-1-gtk_0.2.2-1build2_amd64.deb ...
generate-and-upload	Install FFmpeg	2026-01-28T08:11:09.7461576Z Unpacking libdecor-0-plugin-1-gtk:amd64 (0.2.2-1build2) ...
generate-and-upload	Install FFmpeg	2026-01-28T08:11:09.7679996Z Selecting previously unselected package librsvg2-common:amd64.
generate-and-upload	Install FFmpeg	2026-01-28T08:11:09.7820725Z Preparing to unpack .../92-librsvg2-common_2.58.0+dfsg-1build1_amd64.deb ...
generate-and-upload	Install FFmpeg	2026-01-28T08:11:09.7833245Z Unpacking librsvg2-common:amd64 (2.58.0+dfsg-1build1) ...
generate-and-upload	Install FFmpeg	2026-01-28T08:11:09.8238903Z Preparing to unpack .../93-libssh-4_0.10.6-2ubuntu0.2_amd64.deb ...
generate-and-upload	Install FFmpeg	2026-01-28T08:11:09.8589865Z Unpacking libssh-4:amd64 (0.10.6-2ubuntu0.2) over (0.10.6-2ubuntu0.1) ...
generate-and-upload	Install FFmpeg	2026-01-28T08:11:09.8897205Z Selecting previously unselected package mesa-va-drivers:amd64.
generate-and-upload	Install FFmpeg	2026-01-28T08:11:09.9041163Z Preparing to unpack .../94-mesa-va-drivers_25.0.7-0ubuntu0.24.04.2_amd64.deb ...
generate-and-upload	Install FFmpeg	2026-01-28T08:11:09.9061300Z Unpacking mesa-va-drivers:amd64 (25.0.7-0ubuntu0.24.04.2) ...
generate-and-upload	Install FFmpeg	2026-01-28T08:11:09.9283474Z Selecting previously unselected package mesa-vdpau-drivers:amd64.
generate-and-upload	Install FFmpeg	2026-01-28T08:11:09.9421863Z Preparing to unpack .../95-mesa-vdpau-drivers_25.0.7-0ubuntu0.24.04.2_amd64.deb ...
generate-and-upload	Install FFmpeg	2026-01-28T08:11:09.9429045Z Unpacking mesa-vdpau-drivers:amd64 (25.0.7-0ubuntu0.24.04.2) ...
generate-and-upload	Install FFmpeg	2026-01-28T08:11:09.9653575Z Selecting previously unselected package i965-va-driver:amd64.
generate-and-upload	Install FFmpeg	2026-01-28T08:11:09.9790787Z Preparing to unpack .../96-i965-va-driver_2.4.1+dfsg1-1build2_amd64.deb ...
generate-and-upload	Install FFmpeg	2026-01-28T08:11:09.9797711Z Unpacking i965-va-driver:amd64 (2.4.1+dfsg1-1build2) ...
generate-and-upload	Install FFmpeg	2026-01-28T08:11:10.0076694Z Selecting previously unselected package va-driver-all:amd64.
generate-and-upload	Install FFmpeg	2026-01-28T08:11:10.0213419Z Preparing to unpack .../97-va-driver-all_2.20.0-2build1_amd64.deb ...
generate-and-upload	Install FFmpeg	2026-01-28T08:11:10.0222809Z Unpacking va-driver-all:amd64 (2.20.0-2build1) ...
generate-and-upload	Install FFmpeg	2026-01-28T08:11:10.0427992Z Selecting previously unselected package vdpau-driver-all:amd64.
generate-and-upload	Install FFmpeg	2026-01-28T08:11:10.0566996Z Preparing to unpack .../98-vdpau-driver-all_1.5-2build1_amd64.deb ...
generate-and-upload	Install FFmpeg	2026-01-28T08:11:10.0573998Z Unpacking vdpau-driver-all:amd64 (1.5-2build1) ...
generate-and-upload	Install FFmpeg	2026-01-28T08:11:10.0783436Z Selecting previously unselected package pocketsphinx-en-us.
generate-and-upload	Install FFmpeg	2026-01-28T08:11:10.0920586Z Preparing to unpack .../99-pocketsphinx-en-us_0.8.0+real5prealpha+1-15ubuntu5_all.deb ...
generate-and-upload	Install FFmpeg	2026-01-28T08:11:10.0928147Z Unpacking pocketsphinx-en-us (0.8.0+real5prealpha+1-15ubuntu5) ...
generate-and-upload	Install FFmpeg	2026-01-28T08:11:10.3065955Z Setting up libgme0:amd64 (0.6.3-7build1) ...
generate-and-upload	Install FFmpeg	2026-01-28T08:11:10.3094784Z Setting up libchromaprint1:amd64 (1.5.1-5) ...
generate-and-upload	Install FFmpeg	2026-01-28T08:11:10.3116855Z Setting up libssh-gcrypt-4:amd64 (0.10.6-2ubuntu0.2) ...
generate-and-upload	Install FFmpeg	2026-01-28T08:11:10.3138892Z Setting up libhwy1t64:amd64 (1.0.7-8.1build1) ...
generate-and-upload	Install FFmpeg	2026-01-28T08:11:10.3160689Z Setting up libudfread0:amd64 (1.1.2-1build1) ...
generate-and-upload	Install FFmpeg	2026-01-28T08:11:10.3182107Z Setting up libraw1394-11:amd64 (2.1.2-2build3) ...
generate-and-upload	Install FFmpeg	2026-01-28T08:11:10.3205782Z Setting up libspeex1:amd64 (1.2.1-2ubuntu2.24.04.1) ...
generate-and-upload	Install FFmpeg	2026-01-28T08:11:10.3230125Z Setting up libshine3:amd64 (3.1.1-2build1) ...
generate-and-upload	Install FFmpeg	2026-01-28T08:11:10.3250936Z Setting up libcaca0:amd64 (0.99.beta20-4ubuntu0.1) ...
generate-and-upload	Install FFmpeg	2026-01-28T08:11:10.3272919Z Setting up libvpl2 (2023.3.0-1build1) ...
generate-and-upload	Install FFmpeg	2026-01-28T08:11:10.3294188Z Setting up libx264-164:amd64 (2:0.164.3108+git31e19f9-1) ...
generate-and-upload	Install FFmpeg	2026-01-28T08:11:10.3315511Z Setting up libtwolame0:amd64 (0.4.0-2build3) ...
generate-and-upload	Install FFmpeg	2026-01-28T08:11:10.3338797Z Setting up libmbedcrypto7t64:amd64 (2.28.8-1) ...
generate-and-upload	Install FFmpeg	2026-01-28T08:11:10.3360843Z Setting up libgsm1:amd64 (1.0.22-1build1) ...
generate-and-upload	Install FFmpeg	2026-01-28T08:11:10.3383127Z Setting up libsoxr0:amd64 (0.1.3-4build3) ...
generate-and-upload	Install FFmpeg	2026-01-28T08:11:10.3405584Z Setting up libzix-0-0:amd64 (0.4.2-2build1) ...
generate-and-upload	Install FFmpeg	2026-01-28T08:11:10.3430176Z Setting up libcodec2-1.2:amd64 (1.2.0-2build1) ...
generate-and-upload	Install FFmpeg	2026-01-28T08:11:10.3455820Z Setting up libmysofa1:amd64 (1.3.2+dfsg-2ubuntu2) ...
generate-and-upload	Install FFmpeg	2026-01-28T08:11:10.3478987Z Setting up libxcb-shape0:amd64 (1.15-1ubuntu2) ...
generate-and-upload	Install FFmpeg	2026-01-28T08:11:10.3499980Z Setting up libcdio19t64:amd64 (2.1.0-4.1ubuntu1.2) ...
generate-and-upload	Install FFmpeg	2026-01-28T08:11:10.3523765Z Setting up libsvtav1enc1d1:amd64 (1.7.0+dfsg-2build1) ...
generate-and-upload	Install FFmpeg	2026-01-28T08:11:10.3545073Z Setting up libigdgmm12:amd64 (22.3.17+ds1-1) ...
generate-and-upload	Install FFmpeg	2026-01-28T08:11:10.3567829Z Setting up libmpg123-0t64:amd64 (1.32.5-1ubuntu1.1) ...
generate-and-upload	Install FFmpeg	2026-01-28T08:11:10.3590213Z Setting up libcjson1:amd64 (1.7.17-1) ...
generate-and-upload	Install FFmpeg	2026-01-28T08:11:10.3613227Z Setting up libxvidcore4:amd64 (2:1.3.7-1build1) ...
generate-and-upload	Install FFmpeg	2026-01-28T08:11:10.3647354Z Setting up librav1e0:amd64 (0.7.1-2) ...
generate-and-upload	Install FFmpeg	2026-01-28T08:11:10.3671117Z Setting up libcdio-cdda2t64:amd64 (10.2+2.0.1-1.1build2) ...
generate-and-upload	Install FFmpeg	2026-01-28T08:11:10.3692104Z Setting up librist4:amd64 (0.2.10+dfsg-2) ...
generate-and-upload	Install FFmpeg	2026-01-28T08:11:10.3714916Z Setting up librsvg2-2:amd64 (2.58.0+dfsg-1build1) ...
generate-and-upload	Install FFmpeg	2026-01-28T08:11:10.3737500Z Setting up libblas3:amd64 (3.12.0-3build1.1) ...
generate-and-upload	Install FFmpeg	2026-01-28T08:11:10.3823325Z update-alternatives: using /usr/lib/x86_64-linux-gnu/blas/libblas.so.3 to provide /usr/lib/x86_64-linux-gnu/libblas.so.3 (libblas.so.3-x86_64-linux-gnu) in auto mode
generate-and-upload	Install FFmpeg	2026-01-28T08:11:10.3825004Z Setting up libplacebo338:amd64 (6.338.2-2build1) ...
generate-and-upload	Install FFmpeg	2026-01-28T08:11:10.3844645Z Setting up libva2:amd64 (2.20.0-2build1) ...
generate-and-upload	Install FFmpeg	2026-01-28T08:11:10.3867014Z Setting up libopus0:amd64 (1.4-1build1) ...
generate-and-upload	Install FFmpeg	2026-01-28T08:11:10.3888240Z Setting up libcdio-paranoia2t64:amd64 (10.2+2.0.1-1.1build2) ...
generate-and-upload	Install FFmpeg	2026-01-28T08:11:10.3913023Z Setting up libdc1394-25:amd64 (2.2.6-4build1) ...
generate-and-upload	Install FFmpeg	2026-01-28T08:11:10.3934973Z Setting up intel-media-va-driver:amd64 (24.1.0+dfsg1-1ubuntu0.1) ...
generate-and-upload	Install FFmpeg	2026-01-28T08:11:10.3959714Z Setting up libxv1:amd64 (2:1.0.11-1.1build1) ...
generate-and-upload	Install FFmpeg	2026-01-28T08:11:10.3981579Z Setting up libunibreak5:amd64 (5.1-2build1) ...
generate-and-upload	Install FFmpeg	2026-01-28T08:11:10.4005742Z Setting up libaacs0:amd64 (0.11.1-2build1) ...
generate-and-upload	Install FFmpeg	2026-01-28T08:11:10.4028150Z Setting up libjxl0.7:amd64 (0.7.0-10.2ubuntu6.1) ...
generate-and-upload	Install FFmpeg	2026-01-28T08:11:10.4049396Z Setting up librsvg2-common:amd64 (2.58.0+dfsg-1build1) ...
generate-and-upload	Install FFmpeg	2026-01-28T08:11:10.4525025Z Setting up pocketsphinx-en-us (0.8.0+real5prealpha+1-15ubuntu5) ...
generate-and-upload	Install FFmpeg	2026-01-28T08:11:10.4548765Z Setting up libssh-4:amd64 (0.10.6-2ubuntu0.2) ...
generate-and-upload	Install FFmpeg	2026-01-28T08:11:10.4569350Z Setting up libx265-199:amd64 (3.5-2build1) ...
generate-and-upload	Install FFmpeg	2026-01-28T08:11:10.4592251Z Setting up libsndio7.0:amd64 (1.9.0-0.3build3) ...
generate-and-upload	Install FFmpeg	2026-01-28T08:11:10.4614604Z Setting up libbdplus0:amd64 (0.2.0-3build1) ...
generate-and-upload	Install FFmpeg	2026-01-28T08:11:10.4637170Z Setting up libvidstab1.1:amd64 (1.1.0-2build1) ...
generate-and-upload	Install FFmpeg	2026-01-28T08:11:10.4658621Z Setting up libvpx9:amd64 (1.14.0-1ubuntu2.2) ...
generate-and-upload	Install FFmpeg	2026-01-28T08:11:10.4680442Z Setting up libsrt1.5-gnutls:amd64 (1.5.3-1build2) ...
generate-and-upload	Install FFmpeg	2026-01-28T08:11:10.4700788Z Setting up libflite1:amd64 (2.2-6build3) ...
generate-and-upload	Install FFmpeg	2026-01-28T08:11:10.4725487Z Setting up libdav1d7:amd64 (1.4.1-1build1) ...
generate-and-upload	Install FFmpeg	2026-01-28T08:11:10.4790981Z Setting up libva-drm2:amd64 (2.20.0-2build1) ...
generate-and-upload	Install FFmpeg	2026-01-28T08:11:10.4813048Z Setting up ocl-icd-libopencl1:amd64 (2.3.2-1build1) ...
generate-and-upload	Install FFmpeg	2026-01-28T08:11:10.4836173Z Setting up libasyncns0:amd64 (0.8-6build4) ...
generate-and-upload	Install FFmpeg	2026-01-28T08:11:10.4857716Z Setting up libvdpau1:amd64 (1.5-2build1) ...
generate-and-upload	Install FFmpeg	2026-01-28T08:11:10.4885588Z Setting up libbs2b0:amd64 (3.1.0+dfsg-7build1) ...
generate-and-upload	Install FFmpeg	2026-01-28T08:11:10.4909082Z Setting up libtheora0:amd64 (1.1.1+dfsg.1-16.1build3) ...
generate-and-upload	Install FFmpeg	2026-01-28T08:11:10.4933598Z Setting up libdecor-0-0:amd64 (0.2.2-1build2) ...
generate-and-upload	Install FFmpeg	2026-01-28T08:11:10.4955881Z Setting up libzimg2:amd64 (3.0.5+ds1-1build1) ...
generate-and-upload	Install FFmpeg	2026-01-28T08:11:10.4979037Z Setting up libopenal-data (1:1.23.1-4build1) ...
generate-and-upload	Install FFmpeg	2026-01-28T08:11:10.5008761Z Setting up libflac12t64:amd64 (1.4.3+ds-2.1ubuntu2) ...
generate-and-upload	Install FFmpeg	2026-01-28T08:11:10.5028271Z Setting up mesa-va-drivers:amd64 (25.0.7-0ubuntu0.24.04.2) ...
generate-and-upload	Install FFmpeg	2026-01-28T08:11:10.5051563Z Setting up libbluray2:amd64 (1:1.3.4-1build1) ...
generate-and-upload	Install FFmpeg	2026-01-28T08:11:10.5072996Z Setting up libsamplerate0:amd64 (0.2.2-4build1) ...
generate-and-upload	Install FFmpeg	2026-01-28T08:11:10.5095682Z Setting up libva-x11-2:amd64 (2.20.0-2build1) ...
generate-and-upload	Install FFmpeg	2026-01-28T08:11:10.5118928Z Setting up libdecor-0-plugin-1-gtk:amd64 (0.2.2-1build2) ...
generate-and-upload	Install FFmpeg	2026-01-28T08:11:10.5141299Z Setting up libopenmpt0t64:amd64 (0.7.3-1.1build3) ...
generate-and-upload	Install FFmpeg	2026-01-28T08:11:10.5166001Z Setting up libzvbi-common (0.2.42-2) ...
generate-and-upload	Install FFmpeg	2026-01-28T08:11:10.5188160Z Setting up libmp3lame0:amd64 (3.100-6build1) ...
generate-and-upload	Install FFmpeg	2026-01-28T08:11:10.5215897Z Setting up i965-va-driver:amd64 (2.4.1+dfsg1-1build2) ...
generate-and-upload	Install FFmpeg	2026-01-28T08:11:10.5237760Z Setting up libvorbisenc2:amd64 (1.3.7-1build3) ...
generate-and-upload	Install FFmpeg	2026-01-28T08:11:10.5259248Z Setting up libiec61883-0:amd64 (1.2.0-6build1) ...
generate-and-upload	Install FFmpeg	2026-01-28T08:11:10.5280955Z Setting up libserd-0-0:amd64 (0.32.2-1) ...
generate-and-upload	Install FFmpeg	2026-01-28T08:11:10.5303202Z Setting up libavc1394-0:amd64 (0.5.4-5build3) ...
generate-and-upload	Install FFmpeg	2026-01-28T08:11:10.5323167Z Setting up mesa-vdpau-drivers:amd64 (25.0.7-0ubuntu0.24.04.2) ...
generate-and-upload	Install FFmpeg	2026-01-28T08:11:10.5344028Z Setting up liblapack3:amd64 (3.12.0-3build1.1) ...
generate-and-upload	Install FFmpeg	2026-01-28T08:11:10.5409004Z update-alternatives: using /usr/lib/x86_64-linux-gnu/lapack/liblapack.so.3 to provide /usr/lib/x86_64-linux-gnu/liblapack.so.3 (liblapack.so.3-x86_64-linux-gnu) in auto mode
generate-and-upload	Install FFmpeg	2026-01-28T08:11:10.5428065Z Setting up libzvbi0t64:amd64 (0.2.42-2) ...
generate-and-upload	Install FFmpeg	2026-01-28T08:11:10.5455617Z Setting up libavutil58:amd64 (7:6.1.1-3ubuntu5) ...
generate-and-upload	Install FFmpeg	2026-01-28T08:11:10.5480198Z Setting up libopenal1:amd64 (1:1.23.1-4build1) ...
generate-and-upload	Install FFmpeg	2026-01-28T08:11:10.5501934Z Setting up libass9:amd64 (1:0.17.1-2build1) ...
generate-and-upload	Install FFmpeg	2026-01-28T08:11:10.5535730Z Setting up libswresample4:amd64 (7:6.1.1-3ubuntu5) ...
generate-and-upload	Install FFmpeg	2026-01-28T08:11:10.5557675Z Setting up va-driver-all:amd64 (2.20.0-2build1) ...
generate-and-upload	Install FFmpeg	2026-01-28T08:11:10.5584923Z Setting up libavcodec60:amd64 (7:6.1.1-3ubuntu5) ...
generate-and-upload	Install FFmpeg	2026-01-28T08:11:10.5730241Z Setting up librubberband2:amd64 (3.3.0+dfsg-2build1) ...
generate-and-upload	Install FFmpeg	2026-01-28T08:11:10.5751718Z Setting up libjack-jackd2-0:amd64 (1.9.21~dfsg-3ubuntu3) ...
generate-and-upload	Install FFmpeg	2026-01-28T08:11:10.5772097Z Setting up vdpau-driver-all:amd64 (1.5-2build1) ...
generate-and-upload	Install FFmpeg	2026-01-28T08:11:10.5796336Z Setting up libsord-0-0:amd64 (0.16.16-2build1) ...
generate-and-upload	Install FFmpeg	2026-01-28T08:11:10.5816170Z Setting up libpostproc57:amd64 (7:6.1.1-3ubuntu5) ...
generate-and-upload	Install FFmpeg	2026-01-28T08:11:10.5845691Z Setting up libsratom-0-0:amd64 (0.6.16-1build1) ...
generate-and-upload	Install FFmpeg	2026-01-28T08:11:10.5869667Z Setting up libsndfile1:amd64 (1.2.2-1ubuntu5.24.04.1) ...
generate-and-upload	Install FFmpeg	2026-01-28T08:11:10.5891589Z Setting up liblilv-0-0:amd64 (0.24.22-1build1) ...
generate-and-upload	Install FFmpeg	2026-01-28T08:11:10.5917524Z Setting up libswscale7:amd64 (7:6.1.1-3ubuntu5) ...
generate-and-upload	Install FFmpeg	2026-01-28T08:11:10.5941126Z Setting up libpulse0:amd64 (1:16.1+dfsg1-2ubuntu10.1) ...
generate-and-upload	Install FFmpeg	2026-01-28T08:11:10.6018089Z Setting up libavformat60:amd64 (7:6.1.1-3ubuntu5) ...
generate-and-upload	Install FFmpeg	2026-01-28T08:11:10.6041823Z Setting up libsphinxbase3t64:amd64 (0.8+5prealpha+1-17build2) ...
generate-and-upload	Install FFmpeg	2026-01-28T08:11:10.6062389Z Setting up libsdl2-2.0-0:amd64 (2.30.0+dfsg-1ubuntu3.1) ...
generate-and-upload	Install FFmpeg	2026-01-28T08:11:10.6084262Z Setting up libpocketsphinx3:amd64 (0.8.0+real5prealpha+1-15ubuntu5) ...
generate-and-upload	Install FFmpeg	2026-01-28T08:11:10.6108819Z Setting up libavfilter9:amd64 (7:6.1.1-3ubuntu5) ...
generate-and-upload	Install FFmpeg	2026-01-28T08:11:10.6130516Z Setting up libavdevice60:amd64 (7:6.1.1-3ubuntu5) ...
generate-and-upload	Install FFmpeg	2026-01-28T08:11:10.6152841Z Setting up ffmpeg (7:6.1.1-3ubuntu5) ...
generate-and-upload	Install FFmpeg	2026-01-28T08:11:10.6182451Z Processing triggers for man-db (2.12.0-4build2) ...
generate-and-upload	Install FFmpeg	2026-01-28T08:11:10.6276055Z Not building database; man-db/auto-update is not 'true'.
generate-and-upload	Install FFmpeg	2026-01-28T08:11:10.6293392Z Processing triggers for libgdk-pixbuf-2.0-0:amd64 (2.42.10+dfsg-3ubuntu3.2) ...
generate-and-upload	Install FFmpeg	2026-01-28T08:11:10.8509451Z Processing triggers for libc-bin (2.39-0ubuntu8.6) ...
generate-and-upload	Install FFmpeg	2026-01-28T08:11:12.0133368Z 
generate-and-upload	Install FFmpeg	2026-01-28T08:11:12.0134226Z Running kernel seems to be up-to-date.
generate-and-upload	Install FFmpeg	2026-01-28T08:11:12.0134797Z 
generate-and-upload	Install FFmpeg	2026-01-28T08:11:12.0135111Z Restarting services...
generate-and-upload	Install FFmpeg	2026-01-28T08:11:12.0312640Z  systemctl restart packagekit.service php8.3-fpm.service
generate-and-upload	Install FFmpeg	2026-01-28T08:11:12.1577557Z 
generate-and-upload	Install FFmpeg	2026-01-28T08:11:12.1589456Z No containers need to be restarted.
generate-and-upload	Install FFmpeg	2026-01-28T08:11:12.1590108Z 
generate-and-upload	Install FFmpeg	2026-01-28T08:11:12.1590521Z No user sessions are running outdated binaries.
generate-and-upload	Install FFmpeg	2026-01-28T08:11:12.1590909Z 
generate-and-upload	Install FFmpeg	2026-01-28T08:11:12.1591278Z No VM guests are running outdated hypervisor (qemu) binaries on this host.
generate-and-upload	Install Dependencies	﻿2026-01-28T08:11:13.2072178Z ##[group]Run python -m pip install --upgrade pip
generate-and-upload	Install Dependencies	2026-01-28T08:11:13.2072614Z [36;1mpython -m pip install --upgrade pip[0m
generate-and-upload	Install Dependencies	2026-01-28T08:11:13.2072938Z [36;1mpip install -r requirements.txt[0m
generate-and-upload	Install Dependencies	2026-01-28T08:11:13.2106163Z shell: /usr/bin/bash -e {0}
generate-and-upload	Install Dependencies	2026-01-28T08:11:13.2106422Z env:
generate-and-upload	Install Dependencies	2026-01-28T08:11:13.2106683Z   pythonLocation: /opt/hostedtoolcache/Python/3.10.19/x64
generate-and-upload	Install Dependencies	2026-01-28T08:11:13.2107129Z   PKG_CONFIG_PATH: /opt/hostedtoolcache/Python/3.10.19/x64/lib/pkgconfig
generate-and-upload	Install Dependencies	2026-01-28T08:11:13.2107614Z   Python_ROOT_DIR: /opt/hostedtoolcache/Python/3.10.19/x64
generate-and-upload	Install Dependencies	2026-01-28T08:11:13.2107999Z   Python2_ROOT_DIR: /opt/hostedtoolcache/Python/3.10.19/x64
generate-and-upload	Install Dependencies	2026-01-28T08:11:13.2108797Z   Python3_ROOT_DIR: /opt/hostedtoolcache/Python/3.10.19/x64
generate-and-upload	Install Dependencies	2026-01-28T08:11:13.2109184Z   LD_LIBRARY_PATH: /opt/hostedtoolcache/Python/3.10.19/x64/lib
generate-and-upload	Install Dependencies	2026-01-28T08:11:13.2109499Z ##[endgroup]
generate-and-upload	Install Dependencies	2026-01-28T08:11:15.3913028Z Requirement already satisfied: pip in /opt/hostedtoolcache/Python/3.10.19/x64/lib/python3.10/site-packages (25.3)
generate-and-upload	Install Dependencies	2026-01-28T08:11:16.5825084Z Collecting google-genai (from -r requirements.txt (line 1))
generate-and-upload	Install Dependencies	2026-01-28T08:11:16.6486477Z   Downloading google_genai-1.60.0-py3-none-any.whl.metadata (53 kB)
generate-and-upload	Install Dependencies	2026-01-28T08:11:16.6816915Z Collecting google-generativeai (from -r requirements.txt (line 2))
generate-and-upload	Install Dependencies	2026-01-28T08:11:16.6852318Z   Downloading google_generativeai-0.8.6-py3-none-any.whl.metadata (3.9 kB)
generate-and-upload	Install Dependencies	2026-01-28T08:11:16.7798133Z Collecting openai (from -r requirements.txt (line 3))
generate-and-upload	Install Dependencies	2026-01-28T08:11:16.7838015Z   Downloading openai-2.16.0-py3-none-any.whl.metadata (29 kB)
generate-and-upload	Install Dependencies	2026-01-28T08:11:16.8239163Z Collecting elevenlabs (from -r requirements.txt (line 4))
generate-and-upload	Install Dependencies	2026-01-28T08:11:16.8279979Z   Downloading elevenlabs-2.32.0-py3-none-any.whl.metadata (9.2 kB)
generate-and-upload	Install Dependencies	2026-01-28T08:11:16.8497818Z Collecting tavily-python (from -r requirements.txt (line 5))
generate-and-upload	Install Dependencies	2026-01-28T08:11:16.8534595Z   Downloading tavily_python-0.7.19-py3-none-any.whl.metadata (9.0 kB)
generate-and-upload	Install Dependencies	2026-01-28T08:11:16.8845512Z Collecting requests (from -r requirements.txt (line 6))
generate-and-upload	Install Dependencies	2026-01-28T08:11:16.8885742Z   Downloading requests-2.32.5-py3-none-any.whl.metadata (4.9 kB)
generate-and-upload	Install Dependencies	2026-01-28T08:11:16.9086346Z Collecting python-dotenv (from -r requirements.txt (line 7))
generate-and-upload	Install Dependencies	2026-01-28T08:11:16.9147073Z   Downloading python_dotenv-1.2.1-py3-none-any.whl.metadata (25 kB)
generate-and-upload	Install Dependencies	2026-01-28T08:11:16.9811014Z Collecting google-api-python-client (from -r requirements.txt (line 8))
generate-and-upload	Install Dependencies	2026-01-28T08:11:16.9852585Z   Downloading google_api_python_client-2.188.0-py3-none-any.whl.metadata (7.0 kB)
generate-and-upload	Install Dependencies	2026-01-28T08:11:17.0010653Z Collecting google-auth-oauthlib (from -r requirements.txt (line 9))
generate-and-upload	Install Dependencies	2026-01-28T08:11:17.0049273Z   Downloading google_auth_oauthlib-1.2.4-py3-none-any.whl.metadata (3.1 kB)
generate-and-upload	Install Dependencies	2026-01-28T08:11:17.0164943Z Collecting google-auth-httplib2 (from -r requirements.txt (line 10))
generate-and-upload	Install Dependencies	2026-01-28T08:11:17.0242937Z   Downloading google_auth_httplib2-0.3.0-py3-none-any.whl.metadata (3.1 kB)
generate-and-upload	Install Dependencies	2026-01-28T08:11:17.0365887Z Collecting ffmpeg-python (from -r requirements.txt (line 11))
generate-and-upload	Install Dependencies	2026-01-28T08:11:17.0405299Z   Downloading ffmpeg_python-0.2.0-py3-none-any.whl.metadata (1.7 kB)
generate-and-upload	Install Dependencies	2026-01-28T08:11:17.0855203Z Collecting duckduckgo-search (from -r requirements.txt (line 12))
generate-and-upload	Install Dependencies	2026-01-28T08:11:17.0904853Z   Downloading duckduckgo_search-8.1.1-py3-none-any.whl.metadata (16 kB)
generate-and-upload	Install Dependencies	2026-01-28T08:11:17.2433703Z Collecting pydantic (from -r requirements.txt (line 13))
generate-and-upload	Install Dependencies	2026-01-28T08:11:17.2476275Z   Downloading pydantic-2.12.5-py3-none-any.whl.metadata (90 kB)
generate-and-upload	Install Dependencies	2026-01-28T08:11:17.5122143Z Collecting numpy (from -r requirements.txt (line 14))
generate-and-upload	Install Dependencies	2026-01-28T08:11:17.5163931Z   Downloading numpy-2.2.6-cp310-cp310-manylinux_2_17_x86_64.manylinux2014_x86_64.whl.metadata (62 kB)
generate-and-upload	Install Dependencies	2026-01-28T08:11:17.7252893Z Collecting Pillow (from -r requirements.txt (line 15))
generate-and-upload	Install Dependencies	2026-01-28T08:11:17.7293528Z   Downloading pillow-12.1.0-cp310-cp310-manylinux_2_27_x86_64.manylinux_2_28_x86_64.whl.metadata (8.8 kB)
generate-and-upload	Install Dependencies	2026-01-28T08:11:17.7520482Z Collecting imageio-ffmpeg (from -r requirements.txt (line 16))
generate-and-upload	Install Dependencies	2026-01-28T08:11:17.7558712Z   Downloading imageio_ffmpeg-0.6.0-py3-none-manylinux2014_x86_64.whl.metadata (1.5 kB)
generate-and-upload	Install Dependencies	2026-01-28T08:11:17.7939494Z Collecting python-telegram-bot (from -r requirements.txt (line 17))
generate-and-upload	Install Dependencies	2026-01-28T08:11:17.7981502Z   Downloading python_telegram_bot-22.6-py3-none-any.whl.metadata (17 kB)
generate-and-upload	Install Dependencies	2026-01-28T08:11:17.8285029Z Collecting anyio<5.0.0,>=4.8.0 (from google-genai->-r requirements.txt (line 1))
generate-and-upload	Install Dependencies	2026-01-28T08:11:17.8324269Z   Downloading anyio-4.12.1-py3-none-any.whl.metadata (4.3 kB)
generate-and-upload	Install Dependencies	2026-01-28T08:11:17.8787830Z Collecting google-auth<3.0.0,>=2.47.0 (from google-auth[requests]<3.0.0,>=2.47.0->google-genai->-r requirements.txt (line 1))
generate-and-upload	Install Dependencies	2026-01-28T08:11:17.8838128Z   Downloading google_auth-2.48.0-py3-none-any.whl.metadata (6.2 kB)
generate-and-upload	Install Dependencies	2026-01-28T08:11:17.9123418Z Collecting httpx<1.0.0,>=0.28.1 (from google-genai->-r requirements.txt (line 1))
generate-and-upload	Install Dependencies	2026-01-28T08:11:17.9166218Z   Downloading httpx-0.28.1-py3-none-any.whl.metadata (7.1 kB)
generate-and-upload	Install Dependencies	2026-01-28T08:11:17.9904457Z Collecting tenacity<9.2.0,>=8.2.3 (from google-genai->-r requirements.txt (line 1))
generate-and-upload	Install Dependencies	2026-01-28T08:11:17.9945743Z   Downloading tenacity-9.1.2-py3-none-any.whl.metadata (1.2 kB)
generate-and-upload	Install Dependencies	2026-01-28T08:11:18.1360593Z Collecting websockets<15.1.0,>=13.0.0 (from google-genai->-r requirements.txt (line 1))
generate-and-upload	Install Dependencies	2026-01-28T08:11:18.1403949Z   Downloading websockets-15.0.1-cp310-cp310-manylinux_2_5_x86_64.manylinux1_x86_64.manylinux_2_17_x86_64.manylinux2014_x86_64.whl.metadata (6.8 kB)
generate-and-upload	Install Dependencies	2026-01-28T08:11:18.1610666Z Collecting typing-extensions<5.0.0,>=4.11.0 (from google-genai->-r requirements.txt (line 1))
generate-and-upload	Install Dependencies	2026-01-28T08:11:18.1651064Z   Downloading typing_extensions-4.15.0-py3-none-any.whl.metadata (3.3 kB)
generate-and-upload	Install Dependencies	2026-01-28T08:11:18.1768244Z Collecting distro<2,>=1.7.0 (from google-genai->-r requirements.txt (line 1))
generate-and-upload	Install Dependencies	2026-01-28T08:11:18.1807198Z   Downloading distro-1.9.0-py3-none-any.whl.metadata (6.8 kB)
generate-and-upload	Install Dependencies	2026-01-28T08:11:18.1903125Z Collecting sniffio (from google-genai->-r requirements.txt (line 1))
generate-and-upload	Install Dependencies	2026-01-28T08:11:18.1941333Z   Downloading sniffio-1.3.1-py3-none-any.whl.metadata (3.9 kB)
generate-and-upload	Install Dependencies	2026-01-28T08:11:18.2951796Z Collecting charset_normalizer<4,>=2 (from requests->-r requirements.txt (line 6))
generate-and-upload	Install Dependencies	2026-01-28T08:11:18.2995125Z   Downloading charset_normalizer-3.4.4-cp310-cp310-manylinux2014_x86_64.manylinux_2_17_x86_64.manylinux_2_28_x86_64.whl.metadata (37 kB)
generate-and-upload	Install Dependencies	2026-01-28T08:11:18.3167858Z Collecting idna<4,>=2.5 (from requests->-r requirements.txt (line 6))
generate-and-upload	Install Dependencies	2026-01-28T08:11:18.3207193Z   Downloading idna-3.11-py3-none-any.whl.metadata (8.4 kB)
generate-and-upload	Install Dependencies	2026-01-28T08:11:18.3546525Z Collecting urllib3<3,>=1.21.1 (from requests->-r requirements.txt (line 6))
generate-and-upload	Install Dependencies	2026-01-28T08:11:18.3590222Z   Downloading urllib3-2.6.3-py3-none-any.whl.metadata (6.9 kB)
generate-and-upload	Install Dependencies	2026-01-28T08:11:18.3848243Z Collecting certifi>=2017.4.17 (from requests->-r requirements.txt (line 6))
generate-and-upload	Install Dependencies	2026-01-28T08:11:18.3885706Z   Downloading certifi-2026.1.4-py3-none-any.whl.metadata (2.5 kB)
generate-and-upload	Install Dependencies	2026-01-28T08:11:18.4001940Z Collecting annotated-types>=0.6.0 (from pydantic->-r requirements.txt (line 13))
generate-and-upload	Install Dependencies	2026-01-28T08:11:18.4039090Z   Downloading annotated_types-0.7.0-py3-none-any.whl.metadata (15 kB)
generate-and-upload	Install Dependencies	2026-01-28T08:11:19.3024506Z Collecting pydantic-core==2.41.5 (from pydantic->-r requirements.txt (line 13))
generate-and-upload	Install Dependencies	2026-01-28T08:11:19.3066862Z   Downloading pydantic_core-2.41.5-cp310-cp310-manylinux_2_17_x86_64.manylinux2014_x86_64.whl.metadata (7.3 kB)
generate-and-upload	Install Dependencies	2026-01-28T08:11:19.3219731Z Collecting typing-inspection>=0.4.2 (from pydantic->-r requirements.txt (line 13))
generate-and-upload	Install Dependencies	2026-01-28T08:11:19.3261319Z   Downloading typing_inspection-0.4.2-py3-none-any.whl.metadata (2.6 kB)
generate-and-upload	Install Dependencies	2026-01-28T08:11:19.3413525Z Collecting exceptiongroup>=1.0.2 (from anyio<5.0.0,>=4.8.0->google-genai->-r requirements.txt (line 1))
generate-and-upload	Install Dependencies	2026-01-28T08:11:19.3450207Z   Downloading exceptiongroup-1.3.1-py3-none-any.whl.metadata (6.7 kB)
generate-and-upload	Install Dependencies	2026-01-28T08:11:19.3784835Z Collecting pyasn1-modules>=0.2.1 (from google-auth<3.0.0,>=2.47.0->google-auth[requests]<3.0.0,>=2.47.0->google-genai->-r requirements.txt (line 1))
generate-and-upload	Install Dependencies	2026-01-28T08:11:19.3822977Z   Downloading pyasn1_modules-0.4.2-py3-none-any.whl.metadata (3.5 kB)
generate-and-upload	Install Dependencies	2026-01-28T08:11:19.6064208Z Collecting cryptography>=38.0.3 (from google-auth<3.0.0,>=2.47.0->google-auth[requests]<3.0.0,>=2.47.0->google-genai->-r requirements.txt (line 1))
generate-and-upload	Install Dependencies	2026-01-28T08:11:19.6108625Z   Downloading cryptography-46.0.4-cp38-abi3-manylinux_2_34_x86_64.whl.metadata (5.7 kB)
generate-and-upload	Install Dependencies	2026-01-28T08:11:19.6350904Z Collecting rsa<5,>=3.1.4 (from google-auth<3.0.0,>=2.47.0->google-auth[requests]<3.0.0,>=2.47.0->google-genai->-r requirements.txt (line 1))
generate-and-upload	Install Dependencies	2026-01-28T08:11:19.6386405Z   Downloading rsa-4.9.1-py3-none-any.whl.metadata (5.6 kB)
generate-and-upload	Install Dependencies	2026-01-28T08:11:19.6722836Z Collecting httpcore==1.* (from httpx<1.0.0,>=0.28.1->google-genai->-r requirements.txt (line 1))
generate-and-upload	Install Dependencies	2026-01-28T08:11:19.6764039Z   Downloading httpcore-1.0.9-py3-none-any.whl.metadata (21 kB)
generate-and-upload	Install Dependencies	2026-01-28T08:11:19.6917661Z Collecting h11>=0.16 (from httpcore==1.*->httpx<1.0.0,>=0.28.1->google-genai->-r requirements.txt (line 1))
generate-and-upload	Install Dependencies	2026-01-28T08:11:19.6956747Z   Downloading h11-0.16.0-py3-none-any.whl.metadata (8.3 kB)
generate-and-upload	Install Dependencies	2026-01-28T08:11:19.7226248Z Collecting pyasn1>=0.1.3 (from rsa<5,>=3.1.4->google-auth<3.0.0,>=2.47.0->google-auth[requests]<3.0.0,>=2.47.0->google-genai->-r requirements.txt (line 1))
generate-and-upload	Install Dependencies	2026-01-28T08:11:19.7267414Z   Downloading pyasn1-0.6.2-py3-none-any.whl.metadata (8.4 kB)
generate-and-upload	Install Dependencies	2026-01-28T08:11:19.7496857Z Collecting google-ai-generativelanguage==0.6.15 (from google-generativeai->-r requirements.txt (line 2))
generate-and-upload	Install Dependencies	2026-01-28T08:11:19.7535616Z   Downloading google_ai_generativelanguage-0.6.15-py3-none-any.whl.metadata (5.7 kB)
generate-and-upload	Install Dependencies	2026-01-28T08:11:19.7960182Z Collecting google-api-core (from google-generativeai->-r requirements.txt (line 2))
generate-and-upload	Install Dependencies	2026-01-28T08:11:19.8003392Z   Downloading google_api_core-2.29.0-py3-none-any.whl.metadata (3.3 kB)
generate-and-upload	Install Dependencies	2026-01-28T08:11:20.0687930Z Collecting protobuf (from google-generativeai->-r requirements.txt (line 2))
generate-and-upload	Install Dependencies	2026-01-28T08:11:20.0730594Z   Downloading protobuf-6.33.4-cp39-abi3-manylinux2014_x86_64.whl.metadata (593 bytes)
generate-and-upload	Install Dependencies	2026-01-28T08:11:20.1155368Z Collecting tqdm (from google-generativeai->-r requirements.txt (line 2))
generate-and-upload	Install Dependencies	2026-01-28T08:11:20.1196457Z   Downloading tqdm-4.67.1-py3-none-any.whl.metadata (57 kB)
generate-and-upload	Install Dependencies	2026-01-28T08:11:20.2954349Z Collecting proto-plus<2.0.0dev,>=1.22.3 (from google-ai-generativelanguage==0.6.15->google-generativeai->-r requirements.txt (line 2))
generate-and-upload	Install Dependencies	2026-01-28T08:11:20.2992312Z   Downloading proto_plus-1.27.0-py3-none-any.whl.metadata (2.2 kB)
generate-and-upload	Install Dependencies	2026-01-28T08:11:20.3977504Z Collecting protobuf (from google-generativeai->-r requirements.txt (line 2))
generate-and-upload	Install Dependencies	2026-01-28T08:11:20.4017838Z   Downloading protobuf-5.29.5-cp38-abi3-manylinux2014_x86_64.whl.metadata (592 bytes)
generate-and-upload	Install Dependencies	2026-01-28T08:11:20.4245037Z Collecting googleapis-common-protos<2.0.0,>=1.56.2 (from google-api-core->google-generativeai->-r requirements.txt (line 2))
generate-and-upload	Install Dependencies	2026-01-28T08:11:20.4282080Z   Downloading googleapis_common_protos-1.72.0-py3-none-any.whl.metadata (9.4 kB)
generate-and-upload	Install Dependencies	2026-01-28T08:11:21.1880817Z Collecting grpcio<2.0.0,>=1.33.2 (from google-api-core[grpc]!=2.0.*,!=2.1.*,!=2.10.*,!=2.2.*,!=2.3.*,!=2.4.*,!=2.5.*,!=2.6.*,!=2.7.*,!=2.8.*,!=2.9.*,<3.0.0dev,>=1.34.1->google-ai-generativelanguage==0.6.15->google-generativeai->-r requirements.txt (line 2))
generate-and-upload	Install Dependencies	2026-01-28T08:11:21.1927255Z   Downloading grpcio-1.76.0-cp310-cp310-manylinux2014_x86_64.manylinux_2_17_x86_64.whl.metadata (3.7 kB)
generate-and-upload	Install Dependencies	2026-01-28T08:11:21.3185970Z Collecting grpcio-status<2.0.0,>=1.33.2 (from google-api-core[grpc]!=2.0.*,!=2.1.*,!=2.10.*,!=2.2.*,!=2.3.*,!=2.4.*,!=2.5.*,!=2.6.*,!=2.7.*,!=2.8.*,!=2.9.*,<3.0.0dev,>=1.34.1->google-ai-generativelanguage==0.6.15->google-generativeai->-r requirements.txt (line 2))
generate-and-upload	Install Dependencies	2026-01-28T08:11:21.3308279Z   Downloading grpcio_status-1.76.0-py3-none-any.whl.metadata (1.1 kB)
generate-and-upload	Install Dependencies	2026-01-28T08:11:21.4141414Z INFO: pip is looking at multiple versions of grpcio-status to determine which version is compatible with other requirements. This could take a while.
generate-and-upload	Install Dependencies	2026-01-28T08:11:21.4189203Z   Downloading grpcio_status-1.75.1-py3-none-any.whl.metadata (1.1 kB)
generate-and-upload	Install Dependencies	2026-01-28T08:11:21.4280460Z   Downloading grpcio_status-1.75.0-py3-none-any.whl.metadata (1.1 kB)
generate-and-upload	Install Dependencies	2026-01-28T08:11:21.4374039Z   Downloading grpcio_status-1.74.0-py3-none-any.whl.metadata (1.1 kB)
generate-and-upload	Install Dependencies	2026-01-28T08:11:21.4460829Z   Downloading grpcio_status-1.73.1-py3-none-any.whl.metadata (1.1 kB)
generate-and-upload	Install Dependencies	2026-01-28T08:11:21.5572840Z   Downloading grpcio_status-1.73.0-py3-none-any.whl.metadata (1.1 kB)
generate-and-upload	Install Dependencies	2026-01-28T08:11:21.5666477Z   Downloading grpcio_status-1.72.2-py3-none-any.whl.metadata (1.1 kB)
generate-and-upload	Install Dependencies	2026-01-28T08:11:21.5754488Z   Downloading grpcio_status-1.72.1-py3-none-any.whl.metadata (1.1 kB)
generate-and-upload	Install Dependencies	2026-01-28T08:11:21.5802462Z INFO: pip is still looking at multiple versions of grpcio-status to determine which version is compatible with other requirements. This could take a while.
generate-and-upload	Install Dependencies	2026-01-28T08:11:21.5843490Z   Downloading grpcio_status-1.71.2-py3-none-any.whl.metadata (1.1 kB)
generate-and-upload	Install Dependencies	2026-01-28T08:11:21.8455625Z Collecting jiter<1,>=0.10.0 (from openai->-r requirements.txt (line 3))
generate-and-upload	Install Dependencies	2026-01-28T08:11:21.8498805Z   Downloading jiter-0.12.0-cp310-cp310-manylinux_2_17_x86_64.manylinux2014_x86_64.whl.metadata (5.2 kB)
generate-and-upload	Install Dependencies	2026-01-28T08:11:21.9821750Z Collecting tiktoken>=0.5.1 (from tavily-python->-r requirements.txt (line 5))
generate-and-upload	Install Dependencies	2026-01-28T08:11:21.9865047Z   Downloading tiktoken-0.12.0-cp310-cp310-manylinux_2_28_x86_64.whl.metadata (6.7 kB)
generate-and-upload	Install Dependencies	2026-01-28T08:11:22.0063145Z Collecting httplib2<1.0.0,>=0.19.0 (from google-api-python-client->-r requirements.txt (line 8))
generate-and-upload	Install Dependencies	2026-01-28T08:11:22.0100869Z   Downloading httplib2-0.31.2-py3-none-any.whl.metadata (2.2 kB)
generate-and-upload	Install Dependencies	2026-01-28T08:11:22.0231403Z Collecting uritemplate<5,>=3.0.1 (from google-api-python-client->-r requirements.txt (line 8))
generate-and-upload	Install Dependencies	2026-01-28T08:11:22.0270145Z   Downloading uritemplate-4.2.0-py3-none-any.whl.metadata (2.6 kB)
generate-and-upload	Install Dependencies	2026-01-28T08:11:22.0608367Z Collecting pyparsing<4,>=3.1 (from httplib2<1.0.0,>=0.19.0->google-api-python-client->-r requirements.txt (line 8))
generate-and-upload	Install Dependencies	2026-01-28T08:11:22.0649852Z   Downloading pyparsing-3.3.2-py3-none-any.whl.metadata (5.8 kB)
generate-and-upload	Install Dependencies	2026-01-28T08:11:22.0837781Z Collecting requests-oauthlib>=0.7.0 (from google-auth-oauthlib->-r requirements.txt (line 9))
generate-and-upload	Install Dependencies	2026-01-28T08:11:22.0876573Z   Downloading requests_oauthlib-2.0.0-py2.py3-none-any.whl.metadata (11 kB)
generate-and-upload	Install Dependencies	2026-01-28T08:11:22.1065069Z Collecting future (from ffmpeg-python->-r requirements.txt (line 11))
generate-and-upload	Install Dependencies	2026-01-28T08:11:22.1105251Z   Downloading future-1.0.0-py3-none-any.whl.metadata (4.0 kB)
generate-and-upload	Install Dependencies	2026-01-28T08:11:22.1315350Z Collecting click>=8.1.8 (from duckduckgo-search->-r requirements.txt (line 12))
generate-and-upload	Install Dependencies	2026-01-28T08:11:22.1352750Z   Downloading click-8.3.1-py3-none-any.whl.metadata (2.6 kB)
generate-and-upload	Install Dependencies	2026-01-28T08:11:22.1604005Z Collecting primp>=0.15.0 (from duckduckgo-search->-r requirements.txt (line 12))
generate-and-upload	Install Dependencies	2026-01-28T08:11:22.1655981Z   Downloading primp-0.15.0-cp38-abi3-manylinux_2_17_x86_64.manylinux2014_x86_64.whl.metadata (13 kB)
generate-and-upload	Install Dependencies	2026-01-28T08:11:22.3941071Z Collecting lxml>=5.3.0 (from duckduckgo-search->-r requirements.txt (line 12))
generate-and-upload	Install Dependencies	2026-01-28T08:11:22.3982945Z   Downloading lxml-6.0.2-cp310-cp310-manylinux_2_26_x86_64.manylinux_2_28_x86_64.whl.metadata (3.6 kB)
generate-and-upload	Install Dependencies	2026-01-28T08:11:22.5499803Z Collecting cffi>=2.0.0 (from cryptography>=38.0.3->google-auth<3.0.0,>=2.47.0->google-auth[requests]<3.0.0,>=2.47.0->google-genai->-r requirements.txt (line 1))
generate-and-upload	Install Dependencies	2026-01-28T08:11:22.5542540Z   Downloading cffi-2.0.0-cp310-cp310-manylinux2014_x86_64.manylinux_2_17_x86_64.whl.metadata (2.6 kB)
generate-and-upload	Install Dependencies	2026-01-28T08:11:22.5738196Z Collecting pycparser (from cffi>=2.0.0->cryptography>=38.0.3->google-auth<3.0.0,>=2.47.0->google-auth[requests]<3.0.0,>=2.47.0->google-genai->-r requirements.txt (line 1))
generate-and-upload	Install Dependencies	2026-01-28T08:11:22.5774930Z   Downloading pycparser-3.0-py3-none-any.whl.metadata (8.2 kB)
generate-and-upload	Install Dependencies	2026-01-28T08:11:22.6133770Z Collecting oauthlib>=3.0.0 (from requests-oauthlib>=0.7.0->google-auth-oauthlib->-r requirements.txt (line 9))
generate-and-upload	Install Dependencies	2026-01-28T08:11:22.6171084Z   Downloading oauthlib-3.3.1-py3-none-any.whl.metadata (7.9 kB)
generate-and-upload	Install Dependencies	2026-01-28T08:11:23.1715224Z Collecting regex>=2022.1.18 (from tiktoken>=0.5.1->tavily-python->-r requirements.txt (line 5))
generate-and-upload	Install Dependencies	2026-01-28T08:11:23.1755729Z   Downloading regex-2026.1.15-cp310-cp310-manylinux2014_x86_64.manylinux_2_17_x86_64.manylinux_2_28_x86_64.whl.metadata (40 kB)
generate-and-upload	Install Dependencies	2026-01-28T08:11:23.2152412Z Downloading google_genai-1.60.0-py3-none-any.whl (719 kB)
generate-and-upload	Install Dependencies	2026-01-28T08:11:23.2250972Z    ━━━━━━━━━━━━━━━━━━━━━━━━━━━━━━━━━━━━━━━━ 719.4/719.4 kB 93.3 MB/s  0:00:00
generate-and-upload	Install Dependencies	2026-01-28T08:11:23.2288363Z Downloading requests-2.32.5-py3-none-any.whl (64 kB)
generate-and-upload	Install Dependencies	2026-01-28T08:11:23.2352004Z Downloading pydantic-2.12.5-py3-none-any.whl (463 kB)
generate-and-upload	Install Dependencies	2026-01-28T08:11:23.2428148Z Downloading pydantic_core-2.41.5-cp310-cp310-manylinux_2_17_x86_64.manylinux2014_x86_64.whl (2.1 MB)
generate-and-upload	Install Dependencies	2026-01-28T08:11:23.2559708Z    ━━━━━━━━━━━━━━━━━━━━━━━━━━━━━━━━━━━━━━━━ 2.1/2.1 MB 201.2 MB/s  0:00:00
generate-and-upload	Install Dependencies	2026-01-28T08:11:23.2597985Z Downloading anyio-4.12.1-py3-none-any.whl (113 kB)
generate-and-upload	Install Dependencies	2026-01-28T08:11:23.2660741Z Downloading charset_normalizer-3.4.4-cp310-cp310-manylinux2014_x86_64.manylinux_2_17_x86_64.manylinux_2_28_x86_64.whl (153 kB)
generate-and-upload	Install Dependencies	2026-01-28T08:11:23.2720912Z Downloading distro-1.9.0-py3-none-any.whl (20 kB)
generate-and-upload	Install Dependencies	2026-01-28T08:11:23.2775161Z Downloading google_auth-2.48.0-py3-none-any.whl (236 kB)
generate-and-upload	Install Dependencies	2026-01-28T08:11:23.2835936Z Downloading httpx-0.28.1-py3-none-any.whl (73 kB)
generate-and-upload	Install Dependencies	2026-01-28T08:11:23.2890515Z Downloading httpcore-1.0.9-py3-none-any.whl (78 kB)
generate-and-upload	Install Dependencies	2026-01-28T08:11:23.2946570Z Downloading idna-3.11-py3-none-any.whl (71 kB)
generate-and-upload	Install Dependencies	2026-01-28T08:11:23.3002261Z Downloading rsa-4.9.1-py3-none-any.whl (34 kB)
generate-and-upload	Install Dependencies	2026-01-28T08:11:23.3078993Z Downloading tenacity-9.1.2-py3-none-any.whl (28 kB)
generate-and-upload	Install Dependencies	2026-01-28T08:11:23.3134432Z Downloading typing_extensions-4.15.0-py3-none-any.whl (44 kB)
generate-and-upload	Install Dependencies	2026-01-28T08:11:23.3190407Z Downloading urllib3-2.6.3-py3-none-any.whl (131 kB)
generate-and-upload	Install Dependencies	2026-01-28T08:11:23.3251118Z Downloading websockets-15.0.1-cp310-cp310-manylinux_2_5_x86_64.manylinux1_x86_64.manylinux_2_17_x86_64.manylinux2014_x86_64.whl (181 kB)
generate-and-upload	Install Dependencies	2026-01-28T08:11:23.3314977Z Downloading google_generativeai-0.8.6-py3-none-any.whl (155 kB)
generate-and-upload	Install Dependencies	2026-01-28T08:11:23.3380717Z Downloading google_ai_generativelanguage-0.6.15-py3-none-any.whl (1.3 MB)
generate-and-upload	Install Dependencies	2026-01-28T08:11:23.3487990Z    ━━━━━━━━━━━━━━━━━━━━━━━━━━━━━━━━━━━━━━━━ 1.3/1.3 MB 163.0 MB/s  0:00:00
generate-and-upload	Install Dependencies	2026-01-28T08:11:23.3530837Z Downloading google_api_core-2.29.0-py3-none-any.whl (173 kB)
generate-and-upload	Install Dependencies	2026-01-28T08:11:23.3598241Z Downloading googleapis_common_protos-1.72.0-py3-none-any.whl (297 kB)
generate-and-upload	Install Dependencies	2026-01-28T08:11:23.3666189Z Downloading grpcio-1.76.0-cp310-cp310-manylinux2014_x86_64.manylinux_2_17_x86_64.whl (6.6 MB)
generate-and-upload	Install Dependencies	2026-01-28T08:11:23.3970073Z    ━━━━━━━━━━━━━━━━━━━━━━━━━━━━━━━━━━━━━━━━ 6.6/6.6 MB 235.4 MB/s  0:00:00
generate-and-upload	Install Dependencies	2026-01-28T08:11:23.4009452Z Downloading grpcio_status-1.71.2-py3-none-any.whl (14 kB)
generate-and-upload	Install Dependencies	2026-01-28T08:11:23.4064652Z Downloading proto_plus-1.27.0-py3-none-any.whl (50 kB)
generate-and-upload	Install Dependencies	2026-01-28T08:11:23.4121666Z Downloading protobuf-5.29.5-cp38-abi3-manylinux2014_x86_64.whl (319 kB)
generate-and-upload	Install Dependencies	2026-01-28T08:11:23.4193330Z Downloading openai-2.16.0-py3-none-any.whl (1.1 MB)
generate-and-upload	Install Dependencies	2026-01-28T08:11:23.4281157Z    ━━━━━━━━━━━━━━━━━━━━━━━━━━━━━━━━━━━━━━━━ 1.1/1.1 MB 149.2 MB/s  0:00:00
generate-and-upload	Install Dependencies	2026-01-28T08:11:23.4318605Z Downloading jiter-0.12.0-cp310-cp310-manylinux_2_17_x86_64.manylinux2014_x86_64.whl (364 kB)
generate-and-upload	Install Dependencies	2026-01-28T08:11:23.4412304Z Downloading elevenlabs-2.32.0-py3-none-any.whl (1.2 MB)
generate-and-upload	Install Dependencies	2026-01-28T08:11:23.4503694Z    ━━━━━━━━━━━━━━━━━━━━━━━━━━━━━━━━━━━━━━━━ 1.2/1.2 MB 160.7 MB/s  0:00:00
generate-and-upload	Install Dependencies	2026-01-28T08:11:23.4551932Z Downloading tavily_python-0.7.19-py3-none-any.whl (18 kB)
generate-and-upload	Install Dependencies	2026-01-28T08:11:23.4616494Z Downloading python_dotenv-1.2.1-py3-none-any.whl (21 kB)
generate-and-upload	Install Dependencies	2026-01-28T08:11:23.4677008Z Downloading google_api_python_client-2.188.0-py3-none-any.whl (14.9 MB)
generate-and-upload	Install Dependencies	2026-01-28T08:11:23.5295261Z    ━━━━━━━━━━━━━━━━━━━━━━━━━━━━━━━━━━━━━━━━ 14.9/14.9 MB 250.4 MB/s  0:00:00
generate-and-upload	Install Dependencies	2026-01-28T08:11:23.5336174Z Downloading google_auth_httplib2-0.3.0-py3-none-any.whl (9.5 kB)
generate-and-upload	Install Dependencies	2026-01-28T08:11:23.5396865Z Downloading httplib2-0.31.2-py3-none-any.whl (91 kB)
generate-and-upload	Install Dependencies	2026-01-28T08:11:23.5454000Z Downloading pyparsing-3.3.2-py3-none-any.whl (122 kB)
generate-and-upload	Install Dependencies	2026-01-28T08:11:23.5513412Z Downloading uritemplate-4.2.0-py3-none-any.whl (11 kB)
generate-and-upload	Install Dependencies	2026-01-28T08:11:23.5567484Z Downloading google_auth_oauthlib-1.2.4-py3-none-any.whl (19 kB)
generate-and-upload	Install Dependencies	2026-01-28T08:11:23.5620442Z Downloading ffmpeg_python-0.2.0-py3-none-any.whl (25 kB)
generate-and-upload	Install Dependencies	2026-01-28T08:11:23.5676134Z Downloading duckduckgo_search-8.1.1-py3-none-any.whl (18 kB)
generate-and-upload	Install Dependencies	2026-01-28T08:11:23.5733945Z Downloading numpy-2.2.6-cp310-cp310-manylinux_2_17_x86_64.manylinux2014_x86_64.whl (16.8 MB)
generate-and-upload	Install Dependencies	2026-01-28T08:11:23.6428743Z    ━━━━━━━━━━━━━━━━━━━━━━━━━━━━━━━━━━━━━━━━ 16.8/16.8 MB 251.3 MB/s  0:00:00
generate-and-upload	Install Dependencies	2026-01-28T08:11:23.6472963Z Downloading pillow-12.1.0-cp310-cp310-manylinux_2_27_x86_64.manylinux_2_28_x86_64.whl (7.0 MB)
generate-and-upload	Install Dependencies	2026-01-28T08:11:23.6822267Z    ━━━━━━━━━━━━━━━━━━━━━━━━━━━━━━━━━━━━━━━━ 7.0/7.0 MB 221.1 MB/s  0:00:00
generate-and-upload	Install Dependencies	2026-01-28T08:11:23.6865621Z Downloading imageio_ffmpeg-0.6.0-py3-none-manylinux2014_x86_64.whl (29.5 MB)
generate-and-upload	Install Dependencies	2026-01-28T08:11:23.8045987Z    ━━━━━━━━━━━━━━━━━━━━━━━━━━━━━━━━━━━━━━━━ 29.5/29.5 MB 255.3 MB/s  0:00:00
generate-and-upload	Install Dependencies	2026-01-28T08:11:23.8102044Z Downloading python_telegram_bot-22.6-py3-none-any.whl (737 kB)
generate-and-upload	Install Dependencies	2026-01-28T08:11:23.8169389Z    ━━━━━━━━━━━━━━━━━━━━━━━━━━━━━━━━━━━━━━━━ 737.3/737.3 kB 120.0 MB/s  0:00:00
generate-and-upload	Install Dependencies	2026-01-28T08:11:23.8204706Z Downloading annotated_types-0.7.0-py3-none-any.whl (13 kB)
generate-and-upload	Install Dependencies	2026-01-28T08:11:23.8262386Z Downloading certifi-2026.1.4-py3-none-any.whl (152 kB)
generate-and-upload	Install Dependencies	2026-01-28T08:11:23.8326822Z Downloading click-8.3.1-py3-none-any.whl (108 kB)
generate-and-upload	Install Dependencies	2026-01-28T08:11:23.8397257Z Downloading cryptography-46.0.4-cp38-abi3-manylinux_2_34_x86_64.whl (4.5 MB)
generate-and-upload	Install Dependencies	2026-01-28T08:11:23.8625530Z    ━━━━━━━━━━━━━━━━━━━━━━━━━━━━━━━━━━━━━━━━ 4.5/4.5 MB 229.0 MB/s  0:00:00
generate-and-upload	Install Dependencies	2026-01-28T08:11:23.8664733Z Downloading cffi-2.0.0-cp310-cp310-manylinux2014_x86_64.manylinux_2_17_x86_64.whl (216 kB)
generate-and-upload	Install Dependencies	2026-01-28T08:11:23.8730054Z Downloading exceptiongroup-1.3.1-py3-none-any.whl (16 kB)
generate-and-upload	Install Dependencies	2026-01-28T08:11:23.8781527Z Downloading h11-0.16.0-py3-none-any.whl (37 kB)
generate-and-upload	Install Dependencies	2026-01-28T08:11:23.8845019Z Downloading lxml-6.0.2-cp310-cp310-manylinux_2_26_x86_64.manylinux_2_28_x86_64.whl (5.3 MB)
generate-and-upload	Install Dependencies	2026-01-28T08:11:23.9085400Z    ━━━━━━━━━━━━━━━━━━━━━━━━━━━━━━━━━━━━━━━━ 5.3/5.3 MB 236.2 MB/s  0:00:00
generate-and-upload	Install Dependencies	2026-01-28T08:11:23.9127225Z Downloading primp-0.15.0-cp38-abi3-manylinux_2_17_x86_64.manylinux2014_x86_64.whl (3.3 MB)
generate-and-upload	Install Dependencies	2026-01-28T08:11:23.9309666Z    ━━━━━━━━━━━━━━━━━━━━━━━━━━━━━━━━━━━━━━━━ 3.3/3.3 MB 205.7 MB/s  0:00:00
generate-and-upload	Install Dependencies	2026-01-28T08:11:23.9347497Z Downloading pyasn1-0.6.2-py3-none-any.whl (83 kB)
generate-and-upload	Install Dependencies	2026-01-28T08:11:23.9406775Z Downloading pyasn1_modules-0.4.2-py3-none-any.whl (181 kB)
generate-and-upload	Install Dependencies	2026-01-28T08:11:23.9467633Z Downloading requests_oauthlib-2.0.0-py2.py3-none-any.whl (24 kB)
generate-and-upload	Install Dependencies	2026-01-28T08:11:23.9524681Z Downloading oauthlib-3.3.1-py3-none-any.whl (160 kB)
generate-and-upload	Install Dependencies	2026-01-28T08:11:23.9589093Z Downloading tiktoken-0.12.0-cp310-cp310-manylinux_2_28_x86_64.whl (1.2 MB)
generate-and-upload	Install Dependencies	2026-01-28T08:11:23.9682205Z    ━━━━━━━━━━━━━━━━━━━━━━━━━━━━━━━━━━━━━━━━ 1.2/1.2 MB 162.6 MB/s  0:00:00
generate-and-upload	Install Dependencies	2026-01-28T08:11:23.9719701Z Downloading regex-2026.1.15-cp310-cp310-manylinux2014_x86_64.manylinux_2_17_x86_64.manylinux_2_28_x86_64.whl (791 kB)
generate-and-upload	Install Dependencies	2026-01-28T08:11:23.9818260Z    ━━━━━━━━━━━━━━━━━━━━━━━━━━━━━━━━━━━━━━━━ 791.8/791.8 kB 74.3 MB/s  0:00:00
generate-and-upload	Install Dependencies	2026-01-28T08:11:23.9854215Z Downloading tqdm-4.67.1-py3-none-any.whl (78 kB)
generate-and-upload	Install Dependencies	2026-01-28T08:11:23.9915582Z Downloading typing_inspection-0.4.2-py3-none-any.whl (14 kB)
generate-and-upload	Install Dependencies	2026-01-28T08:11:23.9975128Z Downloading future-1.0.0-py3-none-any.whl (491 kB)
generate-and-upload	Install Dependencies	2026-01-28T08:11:24.0049267Z Downloading pycparser-3.0-py3-none-any.whl (48 kB)
generate-and-upload	Install Dependencies	2026-01-28T08:11:24.0102715Z Downloading sniffio-1.3.1-py3-none-any.whl (10 kB)
generate-and-upload	Install Dependencies	2026-01-28T08:11:24.3315737Z Installing collected packages: websockets, urllib3, uritemplate, typing-extensions, tqdm, tenacity, sniffio, regex, python-dotenv, pyparsing, pycparser, pyasn1, protobuf, primp, Pillow, oauthlib, numpy, lxml, jiter, imageio-ffmpeg, idna, h11, future, distro, click, charset_normalizer, certifi, annotated-types, typing-inspection, rsa, requests, pydantic-core, pyasn1-modules, proto-plus, httplib2, httpcore, grpcio, googleapis-common-protos, ffmpeg-python, exceptiongroup, duckduckgo-search, cffi, tiktoken, requests-oauthlib, pydantic, grpcio-status, cryptography, anyio, httpx, google-auth, tavily-python, python-telegram-bot, openai, google-auth-oauthlib, google-auth-httplib2, google-api-core, elevenlabs, google-genai, google-api-python-client, google-ai-generativelanguage, google-generativeai
generate-and-upload	Install Dependencies	2026-01-28T08:11:33.4931662Z 
generate-and-upload	Install Dependencies	2026-01-28T08:11:33.5036679Z Successfully installed Pillow-12.1.0 annotated-types-0.7.0 anyio-4.12.1 certifi-2026.1.4 cffi-2.0.0 charset_normalizer-3.4.4 click-8.3.1 cryptography-46.0.4 distro-1.9.0 duckduckgo-search-8.1.1 elevenlabs-2.32.0 exceptiongroup-1.3.1 ffmpeg-python-0.2.0 future-1.0.0 google-ai-generativelanguage-0.6.15 google-api-core-2.29.0 google-api-python-client-2.188.0 google-auth-2.48.0 google-auth-httplib2-0.3.0 google-auth-oauthlib-1.2.4 google-genai-1.60.0 google-generativeai-0.8.6 googleapis-common-protos-1.72.0 grpcio-1.76.0 grpcio-status-1.71.2 h11-0.16.0 httpcore-1.0.9 httplib2-0.31.2 httpx-0.28.1 idna-3.11 imageio-ffmpeg-0.6.0 jiter-0.12.0 lxml-6.0.2 numpy-2.2.6 oauthlib-3.3.1 openai-2.16.0 primp-0.15.0 proto-plus-1.27.0 protobuf-5.29.5 pyasn1-0.6.2 pyasn1-modules-0.4.2 pycparser-3.0 pydantic-2.12.5 pydantic-core-2.41.5 pyparsing-3.3.2 python-dotenv-1.2.1 python-telegram-bot-22.6 regex-2026.1.15 requests-2.32.5 requests-oauthlib-2.0.0 rsa-4.9.1 sniffio-1.3.1 tavily-python-0.7.19 tenacity-9.1.2 tiktoken-0.12.0 tqdm-4.67.1 typing-extensions-4.15.0 typing-inspection-0.4.2 uritemplate-4.2.0 urllib3-2.6.3 websockets-15.0.1
generate-and-upload	Set up Credentials	﻿2026-01-28T08:11:34.3378348Z ##[group]Run echo "***
generate-and-upload	Set up Credentials	2026-01-28T08:11:34.3380390Z [36;1mecho "***[0m
generate-and-upload	Set up Credentials	2026-01-28T08:11:34.3380618Z [36;1m" > client_secrets.json[0m
generate-and-upload	Set up Credentials	2026-01-28T08:11:34.3401533Z [36;1mecho "***" | base64 -d > token.pickle[0m
generate-and-upload	Set up Credentials	2026-01-28T08:11:34.3435192Z shell: /usr/bin/bash --noprofile --norc -e -o pipefail {0}
generate-and-upload	Set up Credentials	2026-01-28T08:11:34.3435541Z env:
generate-and-upload	Set up Credentials	2026-01-28T08:11:34.3435823Z   pythonLocation: /opt/hostedtoolcache/Python/3.10.19/x64
generate-and-upload	Set up Credentials	2026-01-28T08:11:34.3436280Z   PKG_CONFIG_PATH: /opt/hostedtoolcache/Python/3.10.19/x64/lib/pkgconfig
generate-and-upload	Set up Credentials	2026-01-28T08:11:34.3436717Z   Python_ROOT_DIR: /opt/hostedtoolcache/Python/3.10.19/x64
generate-and-upload	Set up Credentials	2026-01-28T08:11:34.3437099Z   Python2_ROOT_DIR: /opt/hostedtoolcache/Python/3.10.19/x64
generate-and-upload	Set up Credentials	2026-01-28T08:11:34.3437477Z   Python3_ROOT_DIR: /opt/hostedtoolcache/Python/3.10.19/x64
generate-and-upload	Set up Credentials	2026-01-28T08:11:34.3437856Z   LD_LIBRARY_PATH: /opt/hostedtoolcache/Python/3.10.19/x64/lib
generate-and-upload	Set up Credentials	2026-01-28T08:11:34.3438178Z ##[endgroup]
generate-and-upload	Run Factory	﻿2026-01-28T08:11:34.3551549Z ##[group]Run python main.py --topic "Yatırım Yapılabilecek Değerli Madenler " --langs "en,tr" --upload
generate-and-upload	Run Factory	2026-01-28T08:11:34.3552362Z [36;1mpython main.py --topic "Yatırım Yapılabilecek Değerli Madenler " --langs "en,tr" --upload[0m
generate-and-upload	Run Factory	2026-01-28T08:11:34.3584266Z shell: /usr/bin/bash -e {0}
generate-and-upload	Run Factory	2026-01-28T08:11:34.3584523Z env:
generate-and-upload	Run Factory	2026-01-28T08:11:34.3584789Z   pythonLocation: /opt/hostedtoolcache/Python/3.10.19/x64
generate-and-upload	Run Factory	2026-01-28T08:11:34.3585245Z   PKG_CONFIG_PATH: /opt/hostedtoolcache/Python/3.10.19/x64/lib/pkgconfig
generate-and-upload	Run Factory	2026-01-28T08:11:34.3585665Z   Python_ROOT_DIR: /opt/hostedtoolcache/Python/3.10.19/x64
generate-and-upload	Run Factory	2026-01-28T08:11:34.3586043Z   Python2_ROOT_DIR: /opt/hostedtoolcache/Python/3.10.19/x64
generate-and-upload	Run Factory	2026-01-28T08:11:34.3586457Z   Python3_ROOT_DIR: /opt/hostedtoolcache/Python/3.10.19/x64
generate-and-upload	Run Factory	2026-01-28T08:11:34.3586867Z   LD_LIBRARY_PATH: /opt/hostedtoolcache/Python/3.10.19/x64/lib
generate-and-upload	Run Factory	2026-01-28T08:11:34.3587362Z   GEMINI_API_KEY: ***
generate-and-upload	Run Factory	2026-01-28T08:11:34.3588154Z   OPENAI_API_KEY: ***
generate-and-upload	Run Factory	
generate-and-upload	Run Factory	2026-01-28T08:11:34.3588807Z   PEXELS_API_KEY: ***
generate-and-upload	Run Factory	
generate-and-upload	Run Factory	2026-01-28T08:11:34.3589185Z   TAVILY_API_KEY: ***
generate-and-upload	Run Factory	
generate-and-upload	Run Factory	2026-01-28T08:11:34.3589565Z   ELEVENLABS_API_KEY: ***
generate-and-upload	Run Factory	
generate-and-upload	Run Factory	2026-01-28T08:11:34.3589792Z ##[endgroup]
generate-and-upload	Run Factory	2026-01-28T08:11:36.0017711Z /opt/hostedtoolcache/Python/3.10.19/x64/lib/python3.10/site-packages/google/api_core/_python_version_support.py:275: FutureWarning: You are using a Python version (3.10.19) which Google will stop supporting in new releases of google.api_core once it reaches its end of life (2026-10-04). Please upgrade to the latest Python version, or at least Python 3.11, to continue receiving updates for google.api_core past that date.
generate-and-upload	Run Factory	2026-01-28T08:11:36.0022162Z   warnings.warn(message, FutureWarning)
generate-and-upload	Run Factory	2026-01-28T08:11:39.5640168Z 2026-01-28 08:11:39,563 - INFO - AFC is enabled with max remote calls: 10.
generate-and-upload	Run Factory	2026-01-28T08:11:43.8066371Z 2026-01-28 08:11:43,806 - INFO - HTTP Request: POST https://generativelanguage.googleapis.com/v1beta/models/gemini-2.0-flash-lite:generateContent "HTTP/1.1 200 OK"
generate-and-upload	Run Factory	2026-01-28T08:11:43.8083607Z 2026-01-28 08:11:43,808 - INFO - AFC is enabled with max remote calls: 10.
generate-and-upload	Run Factory	2026-01-28T08:11:43.8791977Z 2026-01-28 08:11:43,878 - INFO - HTTP Request: POST https://generativelanguage.googleapis.com/v1beta/models/gemini-2.0-flash-exp:generateContent "HTTP/1.1 404 Not Found"
generate-and-upload	Run Factory	2026-01-28T08:11:43.8799857Z 
generate-and-upload	Run Factory	2026-01-28T08:11:43.8802069Z 🚀 SHORTS FACTORY STARTING (INFO MODE): Yatırım Yapılabilecek Değerli Madenler 
generate-and-upload	Run Factory	2026-01-28T08:11:43.8803517Z 🔍 Gathering inspiration and research...
generate-and-upload	Run Factory	2026-01-28T08:11:43.8805955Z [*] AI-Powered Research started for: Yatırım Yapılabilecek Değerli Madenler 
generate-and-upload	Run Factory	2026-01-28T08:11:43.8807181Z    🚀 Using Tavily AI Search for verified data...
generate-and-upload	Run Factory	2026-01-28T08:11:43.8810224Z    📊 High-Fidelity Data Report Generated (2146 chars)
generate-and-upload	Run Factory	2026-01-28T08:11:43.8810647Z 
generate-and-upload	Run Factory	2026-01-28T08:11:43.8810874Z 🌍 PROCESSING LANGUAGE: EN
generate-and-upload	Run Factory	2026-01-28T08:11:43.8811541Z       🎭 [TTSService]: Voice selected -> XfNU2rGpBa01ckF309OY (EN)
generate-and-upload	Run Factory	2026-01-28T08:11:43.9043907Z Traceback (most recent call last):
generate-and-upload	Run Factory	2026-01-28T08:11:43.9053433Z   File "/home/runner/work/stream-global-factory/stream-global-factory/main.py", line 134, in <module>
generate-and-upload	Run Factory	2026-01-28T08:11:43.9055137Z     factory.run(topic=args.topic, languages=args.langs.split(","), auto_upload=args.upload, mode=args.mode)
generate-and-upload	Run Factory	2026-01-28T08:11:43.9056807Z   File "/home/runner/work/stream-global-factory/stream-global-factory/main.py", line 62, in run
generate-and-upload	Run Factory	2026-01-28T08:11:43.9058132Z     narrative = self.scriptwriter.generate_narrative(research_data, topic, language=lang, mode=mode)
generate-and-upload	Run Factory	2026-01-28T08:11:43.9060154Z   File "/home/runner/work/stream-global-factory/stream-global-factory/src/agents/scriptwriter.py", line 76, in generate_narrative
generate-and-upload	Run Factory	2026-01-28T08:11:43.9061371Z     response = self.client.models.generate_content(
generate-and-upload	Run Factory	2026-01-28T08:11:43.9062584Z   File "/opt/hostedtoolcache/Python/3.10.19/x64/lib/python3.10/site-packages/google/genai/models.py", line 5227, in generate_content
generate-and-upload	Run Factory	2026-01-28T08:11:43.9063744Z     response = self._generate_content(
generate-and-upload	Run Factory	2026-01-28T08:11:43.9064841Z   File "/opt/hostedtoolcache/Python/3.10.19/x64/lib/python3.10/site-packages/google/genai/models.py", line 4009, in _generate_content
generate-and-upload	Run Factory	2026-01-28T08:11:43.9066425Z     response = self._api_client.request(
generate-and-upload	Run Factory	2026-01-28T08:11:43.9067544Z   File "/opt/hostedtoolcache/Python/3.10.19/x64/lib/python3.10/site-packages/google/genai/_api_client.py", line 1386, in request
generate-and-upload	Run Factory	2026-01-28T08:11:43.9068971Z     response = self._request(http_request, http_options, stream=False)
generate-and-upload	Run Factory	2026-01-28T08:11:43.9074402Z   File "/opt/hostedtoolcache/Python/3.10.19/x64/lib/python3.10/site-packages/google/genai/_api_client.py", line 1222, in _request
generate-and-upload	Run Factory	2026-01-28T08:11:43.9075620Z     return self._retry(self._request_once, http_request, stream)  # type: ignore[no-any-return]
generate-and-upload	Run Factory	2026-01-28T08:11:43.9076801Z   File "/opt/hostedtoolcache/Python/3.10.19/x64/lib/python3.10/site-packages/tenacity/__init__.py", line 477, in __call__
generate-and-upload	Run Factory	2026-01-28T08:11:43.9077695Z     do = self.iter(retry_state=retry_state)
generate-and-upload	Run Factory	2026-01-28T08:11:43.9078902Z   File "/opt/hostedtoolcache/Python/3.10.19/x64/lib/python3.10/site-packages/tenacity/__init__.py", line 378, in iter
generate-and-upload	Run Factory	2026-01-28T08:11:43.9079833Z     result = action(retry_state)
generate-and-upload	Run Factory	2026-01-28T08:11:43.9080689Z   File "/opt/hostedtoolcache/Python/3.10.19/x64/lib/python3.10/site-packages/tenacity/__init__.py", line 420, in exc_check
generate-and-upload	Run Factory	2026-01-28T08:11:43.9081558Z     raise retry_exc.reraise()
generate-and-upload	Run Factory	2026-01-28T08:11:43.9082366Z   File "/opt/hostedtoolcache/Python/3.10.19/x64/lib/python3.10/site-packages/tenacity/__init__.py", line 187, in reraise
generate-and-upload	Run Factory	2026-01-28T08:11:43.9083542Z     raise self.last_attempt.result()
generate-and-upload	Run Factory	2026-01-28T08:11:43.9084340Z   File "/opt/hostedtoolcache/Python/3.10.19/x64/lib/python3.10/concurrent/futures/_base.py", line 451, in result
generate-and-upload	Run Factory	2026-01-28T08:11:43.9085132Z     return self.__get_result()
generate-and-upload	Run Factory	2026-01-28T08:11:43.9085937Z   File "/opt/hostedtoolcache/Python/3.10.19/x64/lib/python3.10/concurrent/futures/_base.py", line 403, in __get_result
generate-and-upload	Run Factory	2026-01-28T08:11:43.9086767Z     raise self._exception
generate-and-upload	Run Factory	2026-01-28T08:11:43.9087579Z   File "/opt/hostedtoolcache/Python/3.10.19/x64/lib/python3.10/site-packages/tenacity/__init__.py", line 480, in __call__
generate-and-upload	Run Factory	2026-01-28T08:11:43.9088614Z     result = fn(*args, **kwargs)
generate-and-upload	Run Factory	2026-01-28T08:11:43.9089540Z   File "/opt/hostedtoolcache/Python/3.10.19/x64/lib/python3.10/site-packages/google/genai/_api_client.py", line 1199, in _request_once
generate-and-upload	Run Factory	2026-01-28T08:11:43.9090508Z     errors.APIError.raise_for_response(response)
generate-and-upload	Run Factory	2026-01-28T08:11:43.9091516Z   File "/opt/hostedtoolcache/Python/3.10.19/x64/lib/python3.10/site-packages/google/genai/errors.py", line 121, in raise_for_response
generate-and-upload	Run Factory	2026-01-28T08:11:43.9092596Z     cls.raise_error(response.status_code, response_json, response)
generate-and-upload	Run Factory	2026-01-28T08:11:43.9093605Z   File "/opt/hostedtoolcache/Python/3.10.19/x64/lib/python3.10/site-packages/google/genai/errors.py", line 146, in raise_error
generate-and-upload	Run Factory	2026-01-28T08:11:43.9094622Z     raise ClientError(status_code, response_json, response)
generate-and-upload	Run Factory	2026-01-28T08:11:43.9096491Z google.genai.errors.ClientError: 404 NOT_FOUND. {'error': {'code': 404, 'message': 'models/gemini-2.0-flash-exp is not found for API version v1beta, or is not supported for generateContent. Call ListModels to see the list of available models and their supported methods.', 'status': 'NOT_FOUND'}}
generate-and-upload	Run Factory	2026-01-28T08:11:44.0817636Z ##[error]Process completed with exit code 1.
generate-and-upload	Post Checkout Code	﻿2026-01-28T08:11:44.0971715Z Post job cleanup.
generate-and-upload	Post Checkout Code	2026-01-28T08:11:44.1782413Z [command]/usr/bin/git version
generate-and-upload	Post Checkout Code	2026-01-28T08:11:44.1823733Z git version 2.52.0
generate-and-upload	Post Checkout Code	2026-01-28T08:11:44.1872608Z Temporarily overriding HOME='/home/runner/work/_temp/0694cf15-f7f8-427c-ab16-719a4ed6956c' before making global git config changes
generate-and-upload	Post Checkout Code	2026-01-28T08:11:44.1877267Z Adding repository directory to the temporary git global config as a safe directory
generate-and-upload	Post Checkout Code	2026-01-28T08:11:44.1879083Z [command]/usr/bin/git config --global --add safe.directory /home/runner/work/stream-global-factory/stream-global-factory
generate-and-upload	Post Checkout Code	2026-01-28T08:11:44.1913043Z [command]/usr/bin/git config --local --name-only --get-regexp core\.sshCommand
generate-and-upload	Post Checkout Code	2026-01-28T08:11:44.1946245Z [command]/usr/bin/git submodule foreach --recursive sh -c "git config --local --name-only --get-regexp 'core\.sshCommand' && git config --local --unset-all 'core.sshCommand' || :"
generate-and-upload	Post Checkout Code	2026-01-28T08:11:44.2230048Z [command]/usr/bin/git config --local --name-only --get-regexp http\.https\:\/\/github\.com\/\.extraheader
generate-and-upload	Post Checkout Code	2026-01-28T08:11:44.2255264Z http.https://github.com/.extraheader
generate-and-upload	Post Checkout Code	2026-01-28T08:11:44.2270084Z [command]/usr/bin/git config --local --unset-all http.https://github.com/.extraheader
generate-and-upload	Post Checkout Code	2026-01-28T08:11:44.2302766Z [command]/usr/bin/git submodule foreach --recursive sh -c "git config --local --name-only --get-regexp 'http\.https\:\/\/github\.com\/\.extraheader' && git config --local --unset-all 'http.https://github.com/.extraheader' || :"
generate-and-upload	Complete job	﻿2026-01-28T08:11:44.2653612Z Cleaning up orphan processes
